name,rating,genre,year,released,score,votes,director,writer,star,country,budget,gross,company,runtime
The Shining,R,Drama,1980,"June 13, 1980 (United States)",8.4,927000.0,Stanley Kubrick,Stephen King,Jack Nicholson,United Kingdom,19000000.0,46998772.0,Warner Bros.,146.0
The Blue Lagoon,R,Adventure,1980,"July 2, 1980 (United States)",5.8,65000.0,Randal Kleiser,Henry De Vere Stacpoole,Brooke Shields,United States,4500000.0,58853106.0,Columbia Pictures,104.0
Star Wars: Episode V - The Empire Strikes Back,PG,Action,1980,"June 20, 1980 (United States)",8.7,1200000.0,Irvin Kershner,Leigh Brackett,Mark Hamill,United States,18000000.0,538375067.0,Lucasfilm,124.0
Airplane!,PG,Comedy,1980,"July 2, 1980 (United States)",7.7,221000.0,Jim Abrahams,Jim Abrahams,Robert Hays,United States,3500000.0,83453539.0,Paramount Pictures,88.0
Caddyshack,R,Comedy,1980,"July 25, 1980 (United States)",7.3,108000.0,Harold Ramis,Brian Doyle-Murray,Chevy Chase,United States,6000000.0,39846344.0,Orion Pictures,98.0
Friday the 13th,R,Horror,1980,"May 9, 1980 (United States)",6.4,123000.0,Sean S. Cunningham,Victor Miller,Betsy Palmer,United States,550000.0,39754601.0,Paramount Pictures,95.0
The Blues Brothers,R,Action,1980,"June 20, 1980 (United States)",7.9,188000.0,John Landis,Dan Aykroyd,John Belushi,United States,27000000.0,115229890.0,Universal Pictures,133.0
Raging Bull,R,Biography,1980,"December 19, 1980 (United States)",8.2,330000.0,Martin Scorsese,Jake LaMotta,Robert De Niro,United States,18000000.0,23402427.0,Chartoff-Winkler Productions,129.0
Superman II,PG,Action,1980,"June 19, 1981 (United States)",6.8,101000.0,Richard Lester,Jerry Siegel,Gene Hackman,United States,54000000.0,108185706.0,Dovemead Films,127.0
The Long Riders,R,Biography,1980,"May 16, 1980 (United States)",7.0,10000.0,Walter Hill,Bill Bryden,David Carradine,United States,10000000.0,15795189.0,United Artists,100.0
Any Which Way You Can,PG,Action,1980,"December 17, 1980 (United States)",6.1,18000.0,Buddy Van Horn,Stanford Sherman,Clint Eastwood,United States,15000000.0,70687344.0,The Malpaso Company,116.0
The Gods Must Be Crazy,PG,Adventure,1980,"October 26, 1984 (United States)",7.3,54000.0,Jamie Uys,Jamie Uys,N!xau,South Africa,5000000.0,30031783.0,C.A.T. Films,109.0
Popeye,PG,Adventure,1980,"December 12, 1980 (United States)",5.3,30000.0,Robert Altman,Jules Feiffer,Robin Williams,United States,20000000.0,49823037.0,Paramount Pictures,114.0
Ordinary People,R,Drama,1980,"September 19, 1980 (United States)",7.7,49000.0,Robert Redford,Judith Guest,Donald Sutherland,United States,6000000.0,54766923.0,Paramount Pictures,124.0
Dressed to Kill,R,Crime,1980,"July 25, 1980 (United States)",7.1,37000.0,Brian De Palma,Brian De Palma,Michael Caine,United States,6500000.0,31899000.0,Filmways Pictures,104.0
Somewhere in Time,PG,Drama,1980,"October 3, 1980 (United States)",7.2,27000.0,Jeannot Szwarc,Richard Matheson,Christopher Reeve,United States,5100000.0,9709597.0,Rastar Pictures,103.0
Fame,R,Drama,1980,"May 16, 1980 (United States)",6.6,21000.0,Alan Parker,Christopher Gore,Eddie Barth,United States,,21202829.0,Metro-Goldwyn-Mayer (MGM),134.0
9 to 5,PG,Comedy,1980,"December 19, 1980 (United States)",6.9,29000.0,Colin Higgins,Patricia Resnick,Jane Fonda,United States,10000000.0,103300686.0,IPC Films,109.0
The Fog,R,Horror,1980,"February 8, 1980 (United States)",6.8,66000.0,John Carpenter,John Carpenter,Adrienne Barbeau,United States,1000000.0,21448782.0,AVCO Embassy Pictures,89.0
Stir Crazy,R,Comedy,1980,"December 12, 1980 (United States)",6.8,26000.0,Sidney Poitier,Bruce Jay Friedman,Gene Wilder,United States,,101300000.0,Columbia Pictures,111.0
Cruising,R,Crime,1980,"February 15, 1980 (United States)",6.5,20000.0,William Friedkin,William Friedkin,Al Pacino,West Germany,11000000.0,19814523.0,Lorimar Film Entertainment,102.0
Heaven's Gate,R,Adventure,1980,"April 24, 1981 (United States)",6.8,14000.0,Michael Cimino,Michael Cimino,Kris Kristofferson,United States,44000000.0,3484523.0,Partisan Productions,219.0
The Final Countdown,PG,Action,1980,"August 1, 1980 (United States)",6.7,22000.0,Don Taylor,Thomas Hunter,Kirk Douglas,United States,12000000.0,16647800.0,Bryna Productions,103.0
Xanadu,PG,Fantasy,1980,"August 8, 1980 (United States)",5.3,12000.0,Robert Greenwald,Richard Christian Danus,Olivia Newton-John,United States,20000000.0,22762571.0,Universal Pictures,96.0
Urban Cowboy,PG,Drama,1980,"June 6, 1980 (United States)",6.4,14000.0,James Bridges,Aaron Latham,John Travolta,United States,,46918287.0,Paramount Pictures,132.0
Altered States,R,Horror,1980,"December 25, 1980 (United States)",6.9,33000.0,Ken Russell,Paddy Chayefsky,William Hurt,United States,,19853892.0,Warner Bros.,102.0
Little Darlings,R,Comedy,1980,"March 21, 1980 (United States)",6.5,5100.0,Ron Maxwell,Kimi Peck,Tatum O'Neal,United States,,34326249.0,Stephen Friedman/Kings Road Productions,96.0
Raise the Titanic,PG,Action,1980,"August 1, 1980 (United States)",5.0,4100.0,Jerry Jameson,Adam Kennedy,Jason Robards,United Kingdom,36000000.0,,ITC Films,115.0
Brubaker,R,Crime,1980,"June 20, 1980 (United States)",7.2,17000.0,Stuart Rosenberg,W.D. Richter,Robert Redford,United States,9000000.0,37121708.0,Twentieth Century Fox,131.0
American Gigolo,R,Crime,1980,"February 1, 1980 (United States)",6.2,22000.0,Paul Schrader,Paul Schrader,Richard Gere,United States,4800000.0,22743674.0,Paramount Pictures,117.0
My Bodyguard,PG,Comedy,1980,"September 26, 1980 (United States)",7.1,8900.0,Tony Bill,Alan Ormsby,Chris Makepeace,United States,,22482952.0,Twentieth Century Fox,102.0
Prom Night,R,Horror,1980,"July 18, 1980 (United States)",5.4,16000.0,Paul Lynch,William Gray,Leslie Nielsen,Canada,,14796236.0,Guardian Trust Company,92.0
Smokey and the Bandit II,PG,Action,1980,"August 15, 1980 (United States)",5.3,15000.0,Hal Needham,Hal Needham,Burt Reynolds,United States,,66132626.0,Universal Pictures,100.0
Cattle Annie and Little Britches,PG,Drama,1980,"April 24, 1981 (United States)",6.1,604.0,Lamont Johnson,David Eyre,Scott Glenn,United States,5100000.0,534816.0,Cattle Annie Productions,97.0
Seems Like Old Times,PG,Comedy,1980,"December 19, 1980 (United States)",6.7,9100.0,Jay Sandrich,Neil Simon,Goldie Hawn,United States,,43995918.0,Rastar Films,102.0
Private Benjamin,R,Comedy,1980,"October 10, 1980 (United States)",6.2,24000.0,Howard Zieff,Nancy Meyers,Goldie Hawn,United States,10000000.0,69847348.0,Warner Bros.,109.0
The Hollywood Knights,R,Comedy,1980,"May 30, 1980 (United States)",6.3,4300.0,Floyd Mutrux,Floyd Mutrux,Tony Danza,United States,4000000.0,10000000.0,PolyGram Filmed Entertainment,91.0
Motel Hell,R,Comedy,1980,"October 24, 1980 (United States)",6.0,11000.0,Kevin Connor,Robert Jaffe,Rory Calhoun,United States,3000000.0,6342668.0,Camp Hill,101.0
The Jazz Singer,PG,Drama,1980,"December 19, 1980 (United States)",5.9,4000.0,Richard Fleischer,Samson Raphaelson,Laurence Olivier,United States,,27118000.0,EMI Films,115.0
Coal Miner's Daughter,PG,Biography,1980,"March 7, 1980 (United States)",7.5,17000.0,Michael Apted,Thomas Rickman,Sissy Spacek,United States,,67182787.0,Universal Pictures,124.0
The Watcher in the Woods,PG,Family,1980,"October 9, 1981 (United States)",6.3,5700.0,John Hough,Brian Clemens,Bette Davis,United States,,5000000.0,Walt Disney Productions,84.0
Breaker Morant,PG,Drama,1980,"July 3, 1980 (Australia)",7.9,13000.0,Bruce Beresford,Jonathan Hardy,Edward Woodward,Australia,,,The South Australian Film Corporation,107.0
The Stunt Man,R,Action,1980,"June 27, 1980 (United States)",7.1,9000.0,Richard Rush,Lawrence B. Marcus,Peter O'Toole,United States,3500000.0,7063886.0,Melvin Simon Productions,131.0
Where the Buffalo Roam,R,Biography,1980,"April 25, 1980 (United States)",6.6,11000.0,Art Linson,Hunter S. Thompson,Peter Boyle,United States,,6659377.0,Universal Pictures,99.0
The Awakening,R,Horror,1980,"October 31, 1980 (United States)",4.8,2000.0,Mike Newell,Allan Scott,Charlton Heston,United Kingdom,,8415112.0,EMI Films,101.0
Cheech and Chong's Next Movie,R,Comedy,1980,"July 18, 1980 (United States)",6.1,12000.0,Tommy Chong,Tommy Chong,Cheech Marin,United States,,41675194.0,Universal Pictures,99.0
The Island,R,Action,1980,"June 13, 1980 (United States)",5.3,3900.0,Michael Ritchie,Peter Benchley,Michael Caine,United States,22000000.0,15716828.0,Universal Pictures,109.0
The Boogey Man,R,Horror,1980,"November 7, 1980 (United States)",4.6,3900.0,Ulli Lommel,Ulli Lommel,Suzanna Love,United States,300000.0,,The Jerry Gross Organization,82.0
The Nude Bomb,PG,Action,1980,"May 9, 1980 (United States)",5.1,3100.0,Clive Donner,Mel Brooks,Don Adams,United States,15000000.0,14662035.0,Universal Pictures,94.0
Lion of the Desert,PG,Biography,1980,"May 16, 1981 (Japan)",8.3,15000.0,Moustapha Akkad,David Butler,Anthony Quinn,Libya,35000000.0,,Falcon International Productions,173.0
Stardust Memories,PG,Comedy,1980,"September 26, 1980 (United States)",7.3,22000.0,Woody Allen,Woody Allen,Woody Allen,United States,10000000.0,10389003.0,Jack Rollins & Charles H. Joffe Productions,89.0
Melvin and Howard,R,Comedy,1980,"September 19, 1980 (United States)",6.8,4500.0,Jonathan Demme,Bo Goldman,Paul Le Mat,United States,7000000.0,4309490.0,Universal Pictures,95.0
Can't Stop the Music,PG,Biography,1980,"June 20, 1980 (United States)",4.2,3700.0,Nancy Walker,Bronte Woodard,Ray Simpson,United States,20000000.0,,EMI Films,124.0
Bronco Billy,PG,Action,1980,"June 11, 1980 (United States)",6.1,11000.0,Clint Eastwood,Dennis Hackin,Clint Eastwood,United States,6500000.0,24265659.0,Warner Bros.,116.0
City of Women,R,Comedy,1980,"April 8, 1981 (United States)",7.0,6700.0,Federico Fellini,Federico Fellini,Marcello Mastroianni,Italy,,12516.0,Opera Film Produzione,139.0
The Private Eyes,PG,Comedy,1980,"November 21, 1980 (United States)",6.7,2900.0,Lang Elliott,Tim Conway,Tim Conway,United States,,,Tri Star Productions,91.0
When Time Ran Out...,PG,Action,1980,"March 28, 1980 (United States)",4.6,2600.0,James Goldstone,Gordon Thomas,Paul Newman,United States,20000000.0,3763988.0,International Cinema,121.0
Oh Heavenly Dog,PG,Comedy,1980,"July 11, 1980 (United States)",5.4,2400.0,Joe Camp,Rod Browning,Chevy Chase,United States,6000000.0,6216067.0,Mulberry Square Productions,103.0
The Octagon,R,Action,1980,"August 15, 1980 (United States)",5.1,5200.0,Eric Karson,Leigh Chapman,Chuck Norris,United States,4000000.0,18971000.0,American Cinema Productions,103.0
Hangar 18,PG,Sci-Fi,1980,"March 13, 1981 (Ireland)",5.3,2400.0,James L. Conway,Ken Pettus,Darren McGavin,United States,11000000.0,,Sunn Classic Pictures,97.0
Herbie Goes Bananas,G,Adventure,1980,"June 25, 1980 (United States)",5.0,5300.0,Vincent McEveety,Don Tait,Charles Martin Smith,United States,,18000000.0,Walt Disney Productions,100.0
The Competition,PG,Drama,1980,"December 3, 1980 (United States)",6.7,1900.0,Joel Oliansky,Joel Oliansky,Richard Dreyfuss,United States,,14287755.0,Rastar Films,123.0
It's My Turn,R,Comedy,1980,"February 5, 1981 (Argentina)",5.5,875.0,Claudia Weill,Eleanor Bergstein,Jill Clayburgh,United States,,,Rastar Films,91.0
Honeysuckle Rose,PG,Drama,1980,"July 18, 1980 (United States)",6.3,1400.0,Jerry Schatzberg,Gösta Stevens,Willie Nelson,United States,,17815212.0,Major Studio Partners,119.0
Resurrection,PG,Drama,1980,"September 26, 1980 (United States)",7.3,2800.0,Daniel Petrie,Lewis John Carlino,Ellen Burstyn,United States,,3910019.0,Universal Pictures,103.0
Fatso,PG,Comedy,1980,"February 1, 1980 (United States)",6.3,2000.0,Anne Bancroft,Anne Bancroft,Dom DeLuise,United States,,7653061.0,Brooksfilms,93.0
Moscow Does Not Believe in Tears,PG,Comedy,1980,"February 11, 1980 (Soviet Union)",8.1,12000.0,Vladimir Menshov,Valentin Chernykh,Vera Alentova,Soviet Union,900000.0,,Mosfilm,150.0
The Fiendish Plot of Dr. Fu Manchu,PG,Comedy,1980,"August 8, 1980 (United States)",5.1,2000.0,Piers Haggard,Rudy Dochtermann,Peter Sellers,United States,,10697276.0,Braun Entertainment Group,100.0
Serial,R,Comedy,1980,"March 28, 1980 (United States)",6.6,915.0,Bill Persky,Cyra McFadden,Martin Mull,United States,,9870727.0,Paramount Pictures,86.0
Hero at Large,PG,Comedy,1980,"February 8, 1980 (United States)",6.0,1500.0,Martin Davidson,AJ Carothers,John Ritter,United States,,15934737.0,Kings Road Entertainment,98.0
Wholly Moses!,PG,Comedy,1980,"June 13, 1980 (United States)",4.7,1800.0,Gary Weis,Guy Thomas,Dudley Moore,United States,,14155617.0,Columbia Pictures,103.0
"Bon Voyage, Charlie Brown (and Don't Come Back!!)",G,Animation,1980,"May 30, 1980 (United States)",7.3,2900.0,Bill Melendez,Charles M. Schulz,Scott Beach,United States,,2013193.0,Lee Mendelson Film Productions,75.0
In God We Trust (or Gimme That Prime Time Religion),PG,Comedy,1980,"September 26, 1980 (United States)",5.5,965.0,Marty Feldman,Marty Feldman,Marty Feldman,United States,,5215015.0,Universal Pictures,97.0
Roadie,PG,Comedy,1980,"June 13, 1980 (United States)",5.2,1100.0,Alan Rudolph,Big Boy Medlin,Meat Loaf,United States,,4226370.0,Alive Enterprises,106.0
Just Tell Me What You Want,R,Comedy,1980,"January 18, 1980 (United States)",5.5,585.0,Sidney Lumet,Jay Presson Allen,Ali MacGraw,United States,,2086905.0,Warner Bros.,112.0
The Last Flight of Noah's Ark,G,Adventure,1980,"June 25, 1980 (United States)",5.8,1300.0,Charles Jarrott,Ernest K. Gann,Elliott Gould,United States,6000000.0,11000000.0,Walt Disney Productions,97.0
Little Miss Marker,PG,Comedy,1980,"March 21, 1980 (United States)",6.3,1400.0,Walter Bernstein,Damon Runyon,Walter Matthau,United States,,6321392.0,Universal Pictures,103.0
Willie & Phil,R,Comedy,1980,"August 15, 1980 (United States)",5.9,415.0,Paul Mazursky,Jean Gruault,Michael Ontkean,United States,5500000.0,4400000.0,Twentieth Century Fox,115.0
Babylon,,Drama,1980,November 1980 (United Kingdom),7.4,1300.0,Franco Rosso,Franco Rosso,David N. Haynes,United Kingdom,,109749.0,Diversity Music,95.0
Windwalker,PG,Adventure,1980,"November 18, 1983 (Sweden)",6.9,1000.0,Kieth Merrill,Ray Goldrup,Trevor Howard,United States,3000000.0,,Santa Fe International,108.0
Phobia,R,Drama,1980,"September 9, 1980 (United States)",4.0,546.0,John Huston,Gary Sherman,Paul Michael Glaser,Canada,5100000.0,59167.0,Borough Park Productions,94.0
Windows,R,Drama,1980,"January 18, 1980 (United States)",4.8,643.0,Gordon Willis,Barry Siegel,Talia Shire,United States,,2128395.0,Mike Lobell Productions,96.0
Loving Couples,PG,Comedy,1980,"October 24, 1980 (United States)",5.2,351.0,Jack Smight,Martin Donovan,Shirley MacLaine,United States,,2806659.0,Time Life Films,97.0
The King and the Mockingbird,Not Rated,Animation,1980,"March 19, 1980 (France)",7.9,4800.0,Paul Grimault,Hans Christian Andersen,Jean Martin,France,,167451.0,Les Films Paul Grimault,83.0
"Oh, God! Book II",PG,Comedy,1980,"October 3, 1980 (United States)",5.2,2100.0,Gilbert Cates,Josh Greenfeld,George Burns,United States,,14504277.0,Warner Bros.,94.0
"Those Lips, Those Eyes",R,Comedy,1980,"August 15, 1980 (United States)",6.5,269.0,Michael Pressman,David Shaber,Frank Langella,United States,,804713.0,Herb Jaffe,105.0
La Cage aux Folles II,R,Comedy,1980,"February 15, 1981 (United States)",5.8,1900.0,Édouard Molinaro,Jean Poiret,Michel Serrault,France,,6950125.0,Da.Ma. Cinematografica,102.0
The Gong Show Movie,R,Comedy,1980,"May 23, 1980 (United States)",4.3,740.0,Chuck Barris,Chuck Barris,Chuck Barris,United States,,6621520.0,Chuck Barris Productions,89.0
Gilda Live,R,Comedy,1980,"March 28, 1980 (United States)",6.8,599.0,Mike Nichols,Anne Beatts,Gilda Radner,United States,,2261507.0,Broadway Productions,96.0
Why Would I Lie?,PG,Comedy,1980,"August 8, 1980 (United States)",6.5,211.0,Larry Peerce,Hollis Hodges,Treat Williams,United States,,1175855.0,Metro-Goldwyn-Mayer (MGM),105.0
First Family,R,Comedy,1980,"December 25, 1980 (United States)",4.3,593.0,Buck Henry,Buck Henry,Bob Newhart,United States,,15198912.0,F.F. Associates,97.0
Mantis Fist Fighter,,Action,1980,"July 9, 1982 (United States)",6.7,230.0,Wing-Cho Yip,Hsin-Yi Chang,Ka-Yan Leung,Hong Kong,,,East Asia Film Company,89.0
Indiana Jones and the Raiders of the Lost Ark,PG,Action,1981,"June 12, 1981 (United States)",8.4,905000.0,Steven Spielberg,Lawrence Kasdan,Harrison Ford,United States,18000000.0,389925971.0,Paramount Pictures,115.0
Body Heat,R,Crime,1981,"August 28, 1981 (United States)",7.4,32000.0,Lawrence Kasdan,Lawrence Kasdan,William Hurt,United States,,24058838.0,The Ladd Company,113.0
An American Werewolf in London,R,Comedy,1981,"August 21, 1981 (United States)",7.5,97000.0,John Landis,John Landis,David Naughton,United Kingdom,10000000.0,30669378.0,Polygram Pictures,97.0
Escape from New York,R,Action,1981,"July 10, 1981 (United States)",7.2,131000.0,John Carpenter,John Carpenter,Kurt Russell,United States,6000000.0,25244626.0,AVCO Embassy Pictures,99.0
The Evil Dead,NC-17,Horror,1981,"April 15, 1983 (United States)",7.5,192000.0,Sam Raimi,Sam Raimi,Bruce Campbell,United States,350000.0,2956630.0,Renaissance Pictures,85.0
Porky's,R,Comedy,1981,"March 19, 1982 (United States)",6.2,40000.0,Bob Clark,Bob Clark,Dan Monahan,Canada,2500000.0,111289673.0,Astral Bellevue Pathé,94.0
Blow Out,R,Crime,1981,"July 24, 1981 (United States)",7.4,47000.0,Brian De Palma,Brian De Palma,John Travolta,United States,18000000.0,12000000.0,Filmways Pictures,108.0
Clash of the Titans,PG,Action,1981,"June 12, 1981 (United States)",6.9,42000.0,Desmond Davis,Beverley Cross,Laurence Olivier,United Kingdom,15000000.0,41092328.0,Charles H. Schneer Productions,118.0
Excalibur,R,Adventure,1981,"April 10, 1981 (United States)",7.4,59000.0,John Boorman,Thomas Malory,Nigel Terry,United Kingdom,11000000.0,34971136.0,Cinema '84,140.0
Mad Max 2,R,Action,1981,"May 21, 1982 (United States)",7.6,170000.0,George Miller,Terry Hayes,Mel Gibson,Australia,3000000.0,23668369.0,Kennedy Miller Productions,96.0
Das Boot,,Adventure,1981,"February 10, 1982 (United States)",8.3,237000.0,Wolfgang Petersen,Wolfgang Petersen,Jürgen Prochnow,West Germany,,11487676.0,Bavaria Film,149.0
Stripes,R,Comedy,1981,"June 26, 1981 (United States)",6.9,68000.0,Ivan Reitman,Len Blum,Bill Murray,United States,10000000.0,85297000.0,Columbia Pictures,106.0
Possession,R,Drama,1981,"October 28, 1983 (United States)",7.4,27000.0,Andrzej Zulawski,Andrzej Zulawski,Isabelle Adjani,France,,1113538.0,Gaumont,124.0
The Cannonball Run,PG,Action,1981,"June 19, 1981 (United States)",6.2,34000.0,Hal Needham,Brock Yates,Burt Reynolds,United States,18000000.0,72179579.0,Golden Harvest Company,95.0
Thief,R,Action,1981,"March 27, 1981 (United States)",7.4,27000.0,Michael Mann,Frank Hohimer,James Caan,United States,5500000.0,11492915.0,Mann/Caan Productions,123.0
Endless Love,R,Drama,1981,"July 17, 1981 (United States)",4.9,7600.0,Franco Zeffirelli,Scott Spencer,Brooke Shields,United States,,32492674.0,PolyGram Filmed Entertainment,116.0
Time Bandits,PG,Adventure,1981,"November 6, 1981 (United States)",7.0,60000.0,Terry Gilliam,Michael Palin,Sean Connery,United Kingdom,5000000.0,42368025.0,HandMade Films,110.0
The Four Seasons,PG,Comedy,1981,"May 22, 1981 (United States)",6.8,4200.0,Alan Alda,Alan Alda,Alan Alda,United States,,50427646.0,Universal Pictures,107.0
Friday the 13th Part 2,R,Horror,1981,"May 1, 1981 (United States)",6.1,61000.0,Steve Miner,Ron Kurz,Betsy Palmer,United States,1250000.0,21722776.0,Georgetown Productions Inc.,87.0
Scanners,R,Horror,1981,"January 14, 1981 (United States)",6.8,51000.0,David Cronenberg,David Cronenberg,Jennifer O'Neill,Canada,,14225876.0,Canadian Film Development Corporation (CFDC),103.0
For Your Eyes Only,PG,Action,1981,"June 26, 1981 (United States)",6.7,94000.0,John Glen,Richard Maibaum,Roger Moore,United Kingdom,28000000.0,54813222.0,Eon Productions,127.0
Halloween II,R,Horror,1981,"October 30, 1981 (United States)",6.5,77000.0,Rick Rosenthal,John Carpenter,Jamie Lee Curtis,United States,2500000.0,25533818.0,Dino De Laurentiis Company,92.0
Taps,PG,Drama,1981,"December 25, 1981 (United States)",6.8,17000.0,Harold Becker,Darryl Ponicsan,George C. Scott,United States,14000000.0,35856053.0,Major Studio Partners,126.0
Reds,PG,Biography,1981,"December 25, 1981 (United States)",7.3,21000.0,Warren Beatty,Warren Beatty,Warren Beatty,United States,32000000.0,40382659.0,Barclays Mercantile Industrial Finance,195.0
On Golden Pond,PG,Drama,1981,"February 12, 1982 (United States)",7.6,29000.0,Mark Rydell,Ernest Thompson,Katharine Hepburn,United States,,119285432.0,IPC Films,109.0
The Fox and the Hound,G,Animation,1981,"July 10, 1981 (United States)",7.3,87000.0,Directors,Daniel P. Mannix,Mickey Rooney,United States,12000000.0,63456988.0,Walt Disney Animation Studios,83.0
Chariots of Fire,PG,Biography,1981,"April 9, 1982 (United States)",7.2,56000.0,Hugh Hudson,Colin Welland,Ben Cross,United Kingdom,5500000.0,59303359.0,Enigma Productions,125.0
Absence of Malice,PG,Drama,1981,"December 18, 1981 (United States)",6.9,12000.0,Sydney Pollack,Kurt Luedtke,Paul Newman,United States,12000000.0,40716963.0,Columbia Pictures,116.0
Tarzan the Ape Man,Approved,Adventure,1981,"July 24, 1981 (United States)",3.4,5300.0,John Derek,Tom Rowe,Bo Derek,United States,6500000.0,36565280.0,Metro-Goldwyn-Mayer (MGM),115.0
Victory,PG,Drama,1981,"July 31, 1981 (United States)",6.7,29000.0,John Huston,Yabo Yablonsky,Michael Caine,United Kingdom,10000000.0,10853418.0,Lorimar Film Entertainment,116.0
Arthur,PG,Comedy,1981,"July 17, 1981 (United States)",6.9,27000.0,Steve Gordon,Steve Gordon,Dudley Moore,United States,7000000.0,95461682.0,Orion Pictures,97.0
My Dinner with Andre,PG,Biography,1981,"October 11, 1981 (United States)",7.8,19000.0,Louis Malle,Wallace Shawn,Andre Gregory,United States,,5073.0,Saga Productions Inc.,110.0
Caveman,PG,Comedy,1981,"April 17, 1981 (United States)",5.8,7300.0,Carl Gottlieb,Rudy De Luca,Ringo Starr,United States,,15965924.0,Estudios Churubusco Azteca S.A.,91.0
Dead & Buried,R,Horror,1981,"October 9, 1981 (United States)",6.6,11000.0,Gary Sherman,Jeff Millar,James Farentino,United States,3000000.0,,Aspen Productions (I),94.0
History of the World: Part I,R,Comedy,1981,"June 12, 1981 (United States)",6.9,47000.0,Mel Brooks,Mel Brooks,Mel Brooks,United States,11000000.0,31672907.0,Brooksfilms,92.0
The Howling,R,Horror,1981,"April 10, 1981 (United States)",6.6,32000.0,Joe Dante,Gary Brandner,Dee Wallace,United States,1000000.0,17985893.0,Embassy Pictures,91.0
Dragonslayer,PG,Action,1981,"June 26, 1981 (United States)",6.7,16000.0,Matthew Robbins,Hal Barwood,Peter MacNicol,United Kingdom,18000000.0,14110013.0,Paramount Pictures,109.0
Cutter's Way,R,Crime,1981,"February 10, 1982 (France)",6.9,5300.0,Ivan Passer,Newton Thornburg,Jeff Bridges,United States,3000000.0,1752634.0,Gurian Entertainment,109.0
Quest for Fire,R,Adventure,1981,"February 12, 1982 (United States)",7.3,21000.0,Jean-Jacques Annaud,Gérard Brach,Everett McGill,Canada,12500000.0,20962615.0,International Cinema Corporation (ICC),100.0
The Final Conflict,R,Horror,1981,"March 20, 1981 (United States)",5.6,19000.0,Graham Baker,David Seltzer,Sam Neill,United Kingdom,5000000.0,20471382.0,Twentieth Century Fox,108.0
Mommie Dearest,R,Biography,1981,"September 25, 1981 (United States)",6.7,15000.0,Frank Perry,Christina Crawford,Faye Dunaway,United States,5000000.0,19032261.0,Paramount Pictures,129.0
Private Lessons,R,Comedy,1981,"June 10, 1981 (United States)",5.2,3400.0,Alan Myerson,Dan Greenburg,Sylvia Kristel,United States,2800000.0,26279000.0,Barry & Enright Productions,87.0
The Postman Always Rings Twice,R,Crime,1981,"March 20, 1981 (United States)",6.6,22000.0,Bob Rafelson,David Mamet,Jack Nicholson,West Germany,12000000.0,12376625.0,CIP Filmproduktion GmbH,122.0
Ragtime,PG,Drama,1981,"December 25, 1981 (United States)",7.3,9000.0,Milos Forman,E.L. Doctorow,James Cagney,United States,,14920781.0,Dino De Laurentiis Company,155.0
Deadly Blessing,R,Horror,1981,"August 14, 1981 (United States)",5.6,5200.0,Wes Craven,Glenn M. Benest,Maren Jensen,United States,2500000.0,8279042.0,PolyGram Filmed Entertainment,100.0
Eyewitness,R,Crime,1981,"February 13, 1981 (United States)",6.0,4500.0,Peter Yates,Steve Tesich,William Hurt,United States,8500000.0,6400000.0,Twentieth Century Fox,103.0
Gallipoli,PG,Adventure,1981,"August 28, 1981 (United States)",7.4,38000.0,Peter Weir,David Williamson,Mel Gibson,Australia,,5732587.0,R&R Films,110.0
Outland,R,Action,1981,"May 22, 1981 (United States)",6.6,28000.0,Peter Hyams,Peter Hyams,Sean Connery,United Kingdom,16000000.0,17374595.0,The Ladd Company,109.0
Southern Comfort,R,Action,1981,"September 25, 1981 (United States)",7.2,17000.0,Walter Hill,Michael Kane,Keith Carradine,United States,,,Cinema Group Ventures,106.0
S.O.B.,R,Comedy,1981,"July 1, 1981 (United States)",6.4,5700.0,Blake Edwards,Blake Edwards,Julie Andrews,United States,12000000.0,14867086.0,Artista Management,122.0
The Beyond,R,Horror,1981,"November 11, 1983 (United States)",6.8,21000.0,Lucio Fulci,Dardano Sacchetti,Catriona MacColl,Italy,400000.0,123843.0,Fulvia Film,87.0
Ghost Story,R,Drama,1981,"December 18, 1981 (United States)",6.3,7900.0,John Irvin,Peter Straub,Craig Wasson,United States,,23371905.0,Universal Pictures,110.0
My Bloody Valentine,R,Horror,1981,"February 11, 1981 (United States)",6.3,19000.0,George Mihalka,Stephen A. Miller,Paul Kelman,Canada,,5672031.0,Canadian Film Development Corporation (CFDC),90.0
The Funhouse,R,Horror,1981,"March 13, 1981 (United States)",5.9,13000.0,Tobe Hooper,Lawrence J. Block,Elizabeth Berridge,United States,,7886857.0,Universal Pictures,96.0
One from the Heart,R,Drama,1981,"February 11, 1982 (United States)",6.5,5700.0,Francis Ford Coppola,Armyan Bernstein,Frederic Forrest,United States,26000000.0,636796.0,Zoetrope Studios,107.0
The French Lieutenant's Woman,R,Drama,1981,"October 16, 1981 (United States)",7.0,13000.0,Karel Reisz,John Fowles,Meryl Streep,United Kingdom,,26890068.0,Juniper Films,124.0
The Great Muppet Caper,G,Adventure,1981,"June 26, 1981 (United States)",7.2,14000.0,Jim Henson,Tom Patchett,Jim Henson,United Kingdom,,31206251.0,Henson Associates (HA),97.0
True Confessions,R,Crime,1981,"September 25, 1981 (United States)",6.3,7500.0,Ulu Grosbard,John Gregory Dunne,Robert De Niro,United States,10000000.0,12850276.0,Chartoff-Winkler Productions,108.0
Looker,PG,Drama,1981,"October 30, 1981 (United States)",6.1,4900.0,Michael Crichton,Michael Crichton,Albert Finney,United States,8000000.0,,The Ladd Company,93.0
Nighthawks,R,Action,1981,"April 10, 1981 (United States)",6.4,18000.0,Bruce Malmuth,David Shaber,Sylvester Stallone,United States,5000000.0,19905359.0,Universal Pictures,99.0
Nice Dreams,R,Comedy,1981,"June 5, 1981 (United States)",6.2,7100.0,Tommy Chong,Tommy Chong,Cheech Marin,United States,,37000000.0,C & C Brown Production,88.0
Sharky's Machine,R,Action,1981,"December 18, 1981 (United States)",6.3,5600.0,Burt Reynolds,William Diehl,Burt Reynolds,United States,,35610100.0,Deliverance Productions,122.0
Neighbors,R,Comedy,1981,"December 18, 1981 (United States)",5.6,7600.0,John G. Avildsen,Thomas Berger,John Belushi,United States,8500000.0,29916207.0,Columbia Pictures,94.0
Puberty Blues,R,Comedy,1981,"December 10, 1981 (Australia)",5.9,1300.0,Bruce Beresford,Margaret Kelly,Nell Schofield,Australia,,237000.0,Limelight Productions (II),87.0
Eye of the Needle,R,Romance,1981,"July 24, 1981 (United States)",7.1,9900.0,Richard Marquand,Ken Follett,Donald Sutherland,United Kingdom,,17583634.0,Kings Road Entertainment,112.0
Wolfen,R,Horror,1981,"July 24, 1981 (United States)",6.3,9400.0,Michael Wadleigh,Whitley Strieber,Albert Finney,United States,17000000.0,10626725.0,Orion Pictures,115.0
Student Bodies,R,Comedy,1981,"August 7, 1981 (United States)",5.5,4400.0,Mickey Rose,Mickey Rose,Kristen Riter,United States,,5165432.0,Allen Smithee Classic Films,86.0
Prince of the City,R,Crime,1981,"August 26, 1981 (United States)",7.5,7600.0,Sidney Lumet,Jay Presson Allen,Treat Williams,United States,8600000.0,8124257.0,Orion Pictures,167.0
The Hand,R,Drama,1981,"April 24, 1981 (United States)",5.5,5700.0,Oliver Stone,Marc Brandel,Michael Caine,United States,,2447576.0,Orion Pictures,104.0
Continental Divide,PG,Comedy,1981,"September 18, 1981 (United States)",6.2,4800.0,Michael Apted,Lawrence Kasdan,John Belushi,United States,,15578237.0,Universal Pictures,103.0
Diva,R,Music,1981,"April 23, 1982 (United States)",7.2,12000.0,Jean-Jacques Beineix,Daniel Odier,Wilhelmenia Fernandez,France,,110014.0,Les Films Galaxie,117.0
Venom,R,Horror,1981,"January 29, 1982 (United States)",5.8,2600.0,Piers Haggard,Alan Scholefield,Klaus Kinski,United Kingdom,,5229643.0,Morison Film Group,92.0
Fort Apache the Bronx,R,Crime,1981,"February 6, 1981 (United States)",6.7,5800.0,Daniel Petrie,Heywood Gould,Paul Newman,United States,,29200000.0,Time Life Films,125.0
Eyes of a Stranger,R,Horror,1981,"March 27, 1981 (United States)",6.0,2400.0,Ken Wiederhorn,Ron Kurz,Lauren Tewes,United States,800000.0,1118634.0,Georgetown Productions Inc.,84.0
Zorro: The Gay Blade,PG,Action,1981,"July 17, 1981 (United States)",6.2,4100.0,Peter Medak,Hal Dresner,George Hamilton,United States,,,Melvin Simon Productions,93.0
Under the Rainbow,PG,Comedy,1981,"July 31, 1981 (United States)",5.4,2600.0,Steve Rash,Fred Bauer,Chevy Chase,United States,20000000.0,18826490.0,Innovisions,98.0
Carbon Copy,PG,Comedy,1981,"September 25, 1981 (United States)",5.6,2600.0,Michael Schultz,Stanley Shapiro,George Segal,United States,6000000.0,9566593.0,DeHaven/Shapiro Productions,92.0
The Incredible Shrinking Woman,PG,Comedy,1981,"January 30, 1981 (United States)",5.5,4500.0,Joel Schumacher,Richard Matheson,Lily Tomlin,United States,,20259961.0,Lija Productions,88.0
The Night the Lights Went Out in Georgia,PG,Drama,1981,"June 5, 1981 (United States)",6.0,891.0,Ron Maxwell,Bob Bonney,Kristy McNichol,United States,,14923752.0,Viacom Enterprises,112.0
Quartet,R,Drama,1981,"October 25, 1981 (United States)",6.3,1300.0,James Ivory,Jean Rhys,Isabelle Adjani,United Kingdom,,12042.0,Merchant Ivory Productions,101.0
Graduation Day,R,Horror,1981,"May 1, 1981 (United States)",4.9,3600.0,Herb Freed,Anne Marisse,Christopher George,United States,250000.0,,Baughn/Freed Productions,96.0
Modern Problems,PG,Comedy,1981,"December 25, 1981 (United States)",5.1,4900.0,Ken Shapiro,Ken Shapiro,Chevy Chase,United States,8000000.0,26154211.0,Twentieth Century Fox,93.0
Pennies from Heaven,R,Drama,1981,"January 1, 1982 (United States)",6.5,5300.0,Herbert Ross,Dennis Potter,Steve Martin,United States,22000000.0,9171289.0,Metro-Goldwyn-Mayer (MGM),108.0
American Pop,R,Animation,1981,"February 13, 1981 (United States)",7.2,4400.0,Ralph Bakshi,Ronni Kern,Mews Small,United States,1500000.0,,Bakshi Productions,96.0
The Legend of the Lone Ranger,PG,Action,1981,"May 22, 1981 (United States)",5.1,2000.0,William A. Fraker,Ivan Goff,Klinton Spilsbury,United States,18000000.0,12617845.0,Eaves Movie Ranch,98.0
Sphinx,PG,Adventure,1981,"February 11, 1981 (United States)",5.2,1300.0,Franklin J. Schaffner,John Byrum,Lesley-Anne Down,United Kingdom,14000000.0,2022771.0,Orion Pictures,118.0
Night School,R,Horror,1981,"September 11, 1981 (United States)",5.6,2400.0,Ken Hughes,Ruth Avergon,Leonard Mann,United States,,1169875.0,Lorimar Productions,88.0
An Eye for an Eye,R,Action,1981,"August 14, 1981 (United States)",5.5,3600.0,Steve Carver,James Bruner,Chuck Norris,United States,3800000.0,,Adams Apple Film Company,106.0
Zoot Suit,R,Drama,1981,"January 1, 1982 (United States)",6.8,1100.0,Luis Valdez,Luis Valdez,Daniel Valdez,United States,2700000.0,3256082.0,Universal Pictures,103.0
Rich and Famous,R,Drama,1981,"October 9, 1981 (United States)",5.9,1600.0,George Cukor,Gerald Ayres,Jacqueline Bisset,United States,,14492125.0,Jaquet,117.0
Buddy Buddy,R,Comedy,1981,"December 11, 1981 (United States)",6.5,4500.0,Billy Wilder,Francis Veber,Jack Lemmon,United States,10000000.0,7258543.0,Heron Productions,96.0
Bustin' Loose,R,Comedy,1981,"May 22, 1981 (United States)",6.1,2900.0,Oz Scott,Lonne Elder III,Richard Pryor,United States,11000000.0,31261269.0,Universal Pictures,94.0
Modern Romance,R,Comedy,1981,"March 13, 1981 (United States)",7.0,3600.0,Albert Brooks,Albert Brooks,Albert Brooks,United States,,2863642.0,Columbia Pictures,93.0
Heartbeeps,PG,Comedy,1981,"December 18, 1981 (United States)",4.3,1300.0,Allan Arkush,John Hill,Andy Kaufman,United States,12000000.0,2154696.0,Universal Pictures,78.0
Back Roads,R,Adventure,1981,"March 13, 1981 (United States)",5.6,829.0,Martin Ritt,Gary DeVore,Sally Field,United States,,11809387.0,CBS Theatrical Films,94.0
Take This Job and Shove It,PG,Comedy,1981,"May 15, 1981 (United States)",5.0,761.0,Gus Trikonis,Barry Schneider,Robert Hays,United States,3500000.0,17569027.0,Cinema Group Ventures,100.0
Raggedy Man,R,Drama,1981,"September 18, 1981 (United States)",6.8,1400.0,Jack Fisk,William D. Wittliff,Sissy Spacek,United States,,1976198.0,Universal Pictures,94.0
Whose Life Is It Anyway?,R,Comedy,1981,"January 22, 1982 (United States)",7.3,2700.0,John Badham,Brian Clark,Richard Dreyfuss,United States,13000000.0,8206145.0,Metro-Goldwyn-Mayer (MGM),119.0
Inchon,PG,Drama,1981,"September 17, 1982 (United States)",2.7,659.0,Terence Young,Robin Moore,Laurence Olivier,South Korea,46000000.0,5200986.0,One Way Productions,140.0
All Night Long,R,Comedy,1981,"March 6, 1981 (United States)",5.5,1700.0,Jean-Claude Tramont,W.D. Richter,Gene Hackman,United States,14000000.0,4454295.0,Universal Pictures,87.0
The Pursuit of D.B. Cooper,PG,Adventure,1981,"November 13, 1981 (United States)",5.6,1100.0,Roger Spottiswoode,J.D. Reed,Robert Duvall,United States,12000000.0,3702028.0,PolyGram Pictures,100.0
Rollover,R,Drama,1981,"December 11, 1981 (United States)",5.4,1100.0,Alan J. Pakula,Howard Kohn,Jane Fonda,United States,16000000.0,10851261.0,IPC Films,116.0
Only When I Laugh,R,Comedy,1981,"September 25, 1981 (United States)",6.5,1300.0,Glenn Jordan,Neil Simon,Marsha Mason,United States,,25524778.0,Columbia Pictures,120.0
Honky Tonk Freeway,PG,Action,1981,"August 21, 1981 (United States)",5.2,928.0,John Schlesinger,Edward Clinton,David Rasche,United States,24000000.0,2004742.0,EMI Films,107.0
Paternity,PG,Comedy,1981,"October 2, 1981 (United States)",4.9,920.0,David Steinberg,Charlie Peters,Burt Reynolds,United States,,18838812.0,Paramount Pictures,94.0
King of the Mountain,PG,Action,1981,"May 1, 1981 (United States)",5.5,384.0,Noel Nosseck,David Barry,Harry Hamlin,United States,2000000.0,1791147.0,PolyGram Pictures,90.0
Scream,R,Horror,1981,"January 1, 1981 (United States)",2.9,674.0,Byron Quisenberry,Byron Quisenberry,Pepper Martin,United States,,,Calendar International Pictures,82.0
The Devil and Max Devlin,PG,Comedy,1981,"March 6, 1981 (United States)",5.0,1200.0,Steven Hilliard Stern,Mary Rodgers,Elliott Gould,United States,,16000000.0,Walt Disney Productions,96.0
The Amateur,R,Crime,1981,"February 12, 1982 (United States)",5.8,782.0,Charles Jarrott,Robert Littell,John Savage,Canada,,6892098.0,Balkan Productions,112.0
Longshot,TV-PG,Comedy,1981,1981 (United States),5.1,101.0,E.W. Swackhamer,Barry Rosen,Leif Garrett,United States,,,Greentree,100.0
Comin' at Ya!,R,Western,1981,"July 24, 1981 (United States)",5.1,499.0,Ferdinando Baldi,Wolfe Lowenthal,Tony Anthony,Italy,,12000000.0,Lupo-Anthony-Quintano Productions,91.0
Le Pont du Nord,Not Rated,Adventure,1981,"March 24, 1982 (France)",6.9,1100.0,Jacques Rivette,Bulle Ogier,Bulle Ogier,France,,17110.0,Les Films du Losange,129.0
Silence of the North,PG,Drama,1981,"October 23, 1981 (Canada)",6.3,228.0,Allan King,Olive Frederickson,Ellen Burstyn,Canada,,1622898.0,Universal Pictures,94.0
Fast Times at Ridgemont High,R,Comedy,1982,"August 13, 1982 (United States)",7.2,98000.0,Amy Heckerling,Cameron Crowe,Sean Penn,United States,4500000.0,27092880.0,Universal Pictures,90.0
Blade Runner,R,Action,1982,"June 25, 1982 (United States)",8.1,710000.0,Ridley Scott,Hampton Fancher,Harrison Ford,United States,28000000.0,41676878.0,The Ladd Company,117.0
The Thing,R,Horror,1982,"June 25, 1982 (United States)",8.1,382000.0,John Carpenter,Bill Lancaster,Kurt Russell,United States,15000000.0,19632053.0,Universal Pictures,109.0
Conan the Barbarian,R,Action,1982,"May 14, 1982 (United States)",6.9,141000.0,John Milius,Robert E. Howard,Arnold Schwarzenegger,United States,20000000.0,68851475.0,Universal Pictures,129.0
E.T. the Extra-Terrestrial,PG,Family,1982,"June 11, 1982 (United States)",7.8,381000.0,Steven Spielberg,Melissa Mathison,Henry Thomas,United States,10500000.0,792910554.0,Universal Pictures,115.0
First Blood,R,Action,1982,"October 22, 1982 (United States)",7.7,234000.0,Ted Kotcheff,David Morrell,Sylvester Stallone,United States,15000000.0,125212904.0,Anabasis N.V.,93.0
An Officer and a Gentleman,R,Drama,1982,"August 13, 1982 (United States)",7.0,52000.0,Taylor Hackford,Douglas Day Stewart,Richard Gere,United States,7500000.0,129795554.0,Lorimar Film Entertainment,124.0
Grease 2,PG,Comedy,1982,"June 11, 1982 (United States)",4.4,34000.0,Patricia Birch,Ken Finkleman,Michelle Pfeiffer,United States,13200000.0,15171476.0,Paramount Pictures,115.0
Annie,PG,Comedy,1982,"June 18, 1982 (United States)",6.6,41000.0,John Huston,Carol Sobieski,Aileen Quinn,United States,50000000.0,57063861.0,Columbia Pictures,127.0
Poltergeist,PG,Horror,1982,"June 4, 1982 (United States)",7.3,148000.0,Tobe Hooper,Steven Spielberg,JoBeth Williams,United States,10700000.0,77142388.0,Metro-Goldwyn-Mayer (MGM),114.0
48 Hrs.,R,Action,1982,"December 8, 1982 (United States)",6.9,73000.0,Walter Hill,Roger Spottiswoode,Nick Nolte,United States,12000000.0,78868508.0,Paramount Pictures,96.0
Star Trek II: The Wrath of Khan,PG,Action,1982,"June 4, 1982 (United States)",7.7,115000.0,Nicholas Meyer,Gene Roddenberry,William Shatner,United States,11200000.0,78912963.0,Paramount Pictures,113.0
Paradise,R,Adventure,1982,"May 7, 1982 (United States)",4.9,2500.0,Stuart Gillard,Stuart Gillard,Willie Aames,Canada,,5588800.0,Embassy Pictures,100.0
The Last American Virgin,R,Comedy,1982,"July 30, 1982 (United States)",6.3,8100.0,Boaz Davidson,Boaz Davidson,Lawrence Monoson,United States,,5829781.0,Cannon Group,92.0
Sophie's Choice,R,Drama,1982,"March 4, 1983 (United States)",7.6,44000.0,Alan J. Pakula,William Styron,Meryl Streep,United Kingdom,12000000.0,30036000.0,Incorporated Television Company (ITC),150.0
Gandhi,PG,Biography,1982,"February 25, 1983 (United States)",8.0,220000.0,Richard Attenborough,John Briley,Ben Kingsley,United Kingdom,22000000.0,52767889.0,International Film Investors,191.0
Tootsie,PG,Comedy,1982,"December 17, 1982 (United States)",7.4,100000.0,Sydney Pollack,Don McGuire,Dustin Hoffman,United States,21000000.0,177200000.0,Columbia Pictures,116.0
Tron,PG,Action,1982,"July 9, 1982 (United States)",6.8,115000.0,Steven Lisberger,Steven Lisberger,Jeff Bridges,United States,17000000.0,33000525.0,Walt Disney Productions,96.0
The Secret of NIMH,G,Animation,1982,"July 16, 1982 (United States)",7.6,37000.0,Don Bluth,Robert C. O'Brien,Elizabeth Hartman,United States,7000000.0,14665733.0,Aurora,82.0
The King of Comedy,PG,Comedy,1982,"February 18, 1983 (Brazil)",7.8,94000.0,Martin Scorsese,Paul D. Zimmerman,Robert De Niro,United States,20000000.0,2536242.0,Embassy International Pictures,109.0
Rocky III,PG,Drama,1982,"May 28, 1982 (United States)",6.8,179000.0,Sylvester Stallone,Sylvester Stallone,Sylvester Stallone,United States,17000000.0,125052686.0,Chartoff-Winkler Productions,99.0
The Beastmaster,PG,Action,1982,"August 20, 1982 (United States)",6.2,22000.0,Don Coscarelli,Don Coscarelli,Marc Singer,United States,8000000.0,14056528.0,Leisure Investment Company,118.0
Creepshow,R,Comedy,1982,"November 12, 1982 (United States)",6.9,44000.0,George A. Romero,Stephen King,Hal Holbrook,United States,8000000.0,21028755.0,United Film Distribution Company (UFDC),120.0
The Man from Snowy River,PG,Adventure,1982,"November 5, 1982 (United States)",7.3,8200.0,George Miller,A.B. 'Banjo' Paterson,Kirk Douglas,Australia,3500000.0,20659423.0,Cambridge Productions,102.0
Pink Floyd: The Wall,R,Drama,1982,"September 17, 1982 (United States)",8.0,78000.0,Alan Parker,Roger Waters,Bob Geldof,United Kingdom,12000000.0,22265763.0,Goldcrest Films International,95.0
Cat People,R,Fantasy,1982,"April 2, 1982 (United States)",6.2,20000.0,Paul Schrader,DeWitt Bodeen,Nastassja Kinski,United States,18000000.0,7000000.0,RKO Pictures,118.0
Fanny and Alexander,R,Drama,1982,"December 17, 1982 (Sweden)",8.1,59000.0,Ingmar Bergman,Ingmar Bergman,Bertil Guve,Sweden,6000000.0,6795771.0,Cinematograph AB,188.0
Friday the 13th Part III,R,Horror,1982,"August 13, 1982 (United States)",5.7,49000.0,Steve Miner,Martin Kitrosser,Dana Kimmell,United States,2300000.0,36690067.0,Paramount Pictures,95.0
Firefox,PG,Action,1982,"June 18, 1982 (United States)",6.0,26000.0,Clint Eastwood,Alex Lasker,Clint Eastwood,United States,18000000.0,46708276.0,Major Studio Partners,136.0
Halloween III: Season of the Witch,R,Horror,1982,"October 22, 1982 (United States)",5.0,45000.0,Tommy Lee Wallace,Tommy Lee Wallace,Tom Atkins,United States,2500000.0,14400000.0,Dino De Laurentiis Company,98.0
The Dark Crystal,PG,Adventure,1982,"December 17, 1982 (United States)",7.2,63000.0,Jim Henson,David Odell,Jim Henson,United Kingdom,15000000.0,41630431.0,Incorporated Television Company (ITC),93.0
The Verdict,R,Drama,1982,"December 17, 1982 (United States)",7.7,37000.0,Sidney Lumet,Barry Reed,Paul Newman,United States,16000000.0,53993738.0,Twentieth Century Fox,129.0
Pieces,Not Rated,Horror,1982,"September 23, 1983 (United States)",6.1,9300.0,Juan Piquer Simón,Dick Randall,Christopher George,Spain,300000.0,2032311.0,Almena Films,85.0
Zapped!,R,Comedy,1982,"September 3, 1982 (United States)",4.9,6500.0,Robert J. Rosenthal,Bruce Rubin,Scott Baio,United States,,16897768.0,Embassy Pictures,98.0
Six Pack,PG,Comedy,1982,"July 16, 1982 (United States)",5.9,2800.0,Daniel Petrie,Mike Marvin,Kenny Rogers,United States,,20225989.0,Twentieth Century Fox,108.0
The World According to Garp,R,Comedy,1982,"July 23, 1982 (United States)",7.2,25000.0,George Roy Hill,John Irving,Robin Williams,United States,17000000.0,29712172.0,Pan Arts,136.0
Diner,R,Comedy,1982,"May 21, 1982 (United States)",7.1,19000.0,Barry Levinson,Barry Levinson,Steve Guttenberg,United States,5000000.0,14099953.0,Metro-Goldwyn-Mayer (MGM),110.0
The Best Little Whorehouse in Texas,R,Comedy,1982,"July 23, 1982 (United States)",6.0,10000.0,Colin Higgins,Larry L. King,Burt Reynolds,United States,35000000.0,69701637.0,Universal Pictures,114.0
The Year of Living Dangerously,PG,Drama,1982,"February 18, 1983 (United States)",7.1,20000.0,Peter Weir,David Williamson,Mel Gibson,Australia,13000000.0,10278575.0,Metro-Goldwyn-Mayer (MGM),115.0
Night Shift,R,Comedy,1982,"July 30, 1982 (United States)",6.6,15000.0,Ron Howard,Lowell Ganz,Henry Winkler,United States,,21095638.0,Major Studio Partners,106.0
Summer Lovers,R,Comedy,1982,"July 16, 1982 (United States)",5.7,3900.0,Randal Kleiser,Randal Kleiser,Peter Gallagher,United States,,4968000.0,Filmways Pictures,98.0
Victor Victoria,PG,Comedy,1982,"March 19, 1982 (United States)",7.6,20000.0,Blake Edwards,Blake Edwards,Julie Andrews,United Kingdom,,28229046.0,Metro-Goldwyn-Mayer (MGM),134.0
The Last Unicorn,G,Animation,1982,"November 19, 1982 (United States)",7.4,25000.0,Jules Bass,Peter S. Beagle,Jeff Bridges,United Kingdom,3500000.0,6455330.0,Rankin/Bass Productions,92.0
The Entity,R,Drama,1982,"February 4, 1983 (United States)",6.7,15000.0,Sidney J. Furie,Frank De Felitta,Barbara Hershey,United States,9000000.0,13277558.0,American Cinema Productions,125.0
Airplane II: the Sequel,PG,Comedy,1982,"December 10, 1982 (United States)",6.2,50000.0,Ken Finkleman,Ken Finkleman,Robert Hays,United States,15000000.0,27150534.0,Paramount Pictures,85.0
The Toy,PG,Comedy,1982,"December 10, 1982 (United States)",5.8,11000.0,Richard Donner,Francis Veber,Richard Pryor,United States,17000000.0,47118057.0,Columbia Pictures,102.0
The House on Sorority Row,R,Horror,1982,"July 28, 1983 (South Korea)",6.0,7800.0,Mark Rosman,Mark Rosman,Kate McNeil,United States,425000.0,10604986.0,VAE Productions,91.0
Evil Under the Sun,PG,Crime,1982,"March 5, 1982 (United States)",7.1,15000.0,Guy Hamilton,Anthony Shaffer,Peter Ustinov,United Kingdom,10000000.0,6110670.0,EMI Films,117.0
The Sword and the Sorcerer,R,Action,1982,"April 30, 1982 (United States)",5.6,5700.0,Albert Pyun,Tom Karnowski,Lee Horsley,United States,,39103425.0,Sorcerer Productions,99.0
Death Wish II,R,Action,1982,"February 19, 1982 (United States)",6.0,15000.0,Michael Winner,David Engelbach,Charles Bronson,United States,2000000.0,16100000.0,Golan-Globus Productions,89.0
Silent Rage,R,Action,1982,"April 2, 1982 (United States)",5.5,5300.0,Michael Miller,Joseph Fraley,Chuck Norris,United States,4500000.0,10490791.0,Columbia Pictures,103.0
Megaforce,PG,Action,1982,"June 25, 1982 (United States)",3.7,3400.0,Hal Needham,Bob Kachler,Barry Bostwick,Hong Kong,20000000.0,5675599.0,Golden Harvest Company,99.0
Personal Best,R,Drama,1982,"June 26, 1982 (Japan)",6.3,2600.0,Robert Towne,Robert Towne,Mariel Hemingway,United States,16000000.0,5672311.0,The Geffen Company,128.0
Dead Men Don't Wear Plaid,PG,Comedy,1982,"May 21, 1982 (United States)",6.9,21000.0,Carl Reiner,Carl Reiner,Steve Martin,United States,9000000.0,18196170.0,Aspen Film Society,88.0
Amityville II: The Possession,R,Horror,1982,"September 24, 1982 (United States)",5.5,11000.0,Damiano Damiani,Tommy Lee Wallace,James Olson,Mexico,5000000.0,12534817.0,Dino De Laurentiis Company,104.0
Missing,PG,Biography,1982,"March 12, 1982 (United States)",7.7,19000.0,Costa-Gavras,Costa-Gavras,Jack Lemmon,United States,9500000.0,14000000.0,PolyGram Filmed Entertainment,122.0
Frances,R,Biography,1982,"March 11, 1983 (Australia)",7.3,7300.0,Graeme Clifford,Eric Bergren,Jessica Lange,United States,,,Brooksfilms,140.0
The Seduction,R,Thriller,1982,"January 29, 1982 (United States)",4.9,1100.0,David Schmoeller,David Schmoeller,Morgan Fairchild,United States,,11378339.0,The Romantic Venture,104.0
Cannery Row,PG,Comedy,1982,"February 12, 1982 (United States)",6.7,3500.0,David S. Ward,John Steinbeck,Nick Nolte,United States,11300000.0,5301539.0,Chai Productions,120.0
Deathtrap,PG,Comedy,1982,"March 19, 1982 (United States)",7.0,13000.0,Sidney Lumet,Ira Levin,Michael Caine,United States,,19282134.0,Warner Bros.,116.0
Tex,PG,Drama,1982,"July 30, 1982 (United States)",6.5,2000.0,Tim Hunter,S.E. Hinton,Matt Dillon,United States,,7400000.0,Walt Disney Productions,103.0
Time Walker,PG,Horror,1982,"November 19, 1982 (United States)",3.6,1700.0,Tom Kennedy,Jason Williams,Ben Murphy,United States,750000.0,,Byzantine Productions,83.0
"I, the Jury",R,Crime,1982,"April 22, 1982 (West Germany)",5.9,1500.0,Richard T. Heffron,Mickey Spillane,Armand Assante,United States,,1515578.0,American Cinema Productions,111.0
Tempest,PG,Comedy,1982,"September 24, 1982 (United States)",6.5,2200.0,Paul Mazursky,Paul Mazursky,John Cassavetes,United States,13000000.0,5005245.0,Columbia Pictures,140.0
Young Doctors in Love,R,Comedy,1982,"July 16, 1982 (United States)",5.5,3000.0,Garry Marshall,Michael Elias,Michael McKean,United States,,30688860.0,ABC Motion Pictures,96.0
My Favorite Year,PG,Comedy,1982,"October 8, 1982 (United States)",7.4,9000.0,Richard Benjamin,Norman Steinberg,Peter O'Toole,United States,,20123620.0,Metro-Goldwyn-Mayer (MGM),92.0
Still of the Night,PG,Crime,1982,"November 19, 1982 (United States)",6.1,4300.0,Robert Benton,Robert Benton,Roy Scheider,United States,10000000.0,5979947.0,United Artists,93.0
Parasite,R,Horror,1982,"March 12, 1982 (United States)",3.9,2300.0,Charles Band,Alan J. Adler,Robert Glaudini,United States,800000.0,2270.0,Embassy Pictures,85.0
Making Love,R,Drama,1982,"March 5, 1982 (United States)",6.9,2500.0,Arthur Hiller,Barry Sandler,Michael Ontkean,United States,,11897978.0,IndieProd Company Productions,113.0
Honkytonk Man,PG,Comedy,1982,"December 15, 1982 (United States)",6.6,8200.0,Clint Eastwood,Clancy Carlile,Clint Eastwood,United States,2000000.0,4484991.0,The Malpaso Company,122.0
The Beast Within,R,Horror,1982,"February 12, 1982 (United States)",5.6,3700.0,Philippe Mora,Tom Holland,Ronny Cox,United States,,7742572.0,Katzka,98.0
"Come Back to the 5 & Dime Jimmy Dean, Jimmy Dean",PG,Comedy,1982,"April 6, 1983 (France)",7.2,4200.0,Robert Altman,Ed Graczyk,Cher,United States,850000.0,840958.0,Sandcastle 5 Productions,109.0
The Final Option,R,Action,1982,"September 16, 1983 (United States)",6.4,3000.0,Ian Sharp,George Markstein,Lewis Collins,Switzerland,6000000.0,2666873.0,Richmond Light Horse Productions,125.0
Trail of the Pink Panther,PG,Comedy,1982,"December 17, 1982 (United States)",5.0,9800.0,Blake Edwards,Blake Edwards,Peter Sellers,United Kingdom,6000000.0,9056073.0,United Artists,96.0
The Sender,R,Drama,1982,"October 22, 1982 (United States)",6.0,1800.0,Roger Christian,Thomas Baum,Kathryn Harrold,United Kingdom,,1054328.0,Paramount Pictures,91.0
The Border,R,Crime,1982,"February 12, 1982 (United States)",6.4,6100.0,Tony Richardson,Deric Washburn,Jack Nicholson,United States,22000000.0,6118683.0,Efer Productions,108.0
Kiss Me Goodbye,PG,Comedy,1982,"December 22, 1982 (United States)",6.0,1900.0,Robert Mulligan,Bruno Barreto,Sally Field,United States,,15782759.0,Twentieth Century Fox,101.0
A Midsummer Night's Sex Comedy,PG,Comedy,1982,"July 16, 1982 (United States)",6.6,19000.0,Woody Allen,Woody Allen,Woody Allen,United States,,9077269.0,Jack Rollins & Charles H. Joffe Productions,88.0
Vice Squad,R,Action,1982,"January 22, 1982 (United States)",6.5,2000.0,Gary Sherman,Sandy Howard,Season Hubley,United Kingdom,,13253583.0,AVCO Embassy Pictures,97.0
Best Friends,PG,Comedy,1982,"December 17, 1982 (United States)",5.5,2700.0,Norman Jewison,Valerie Curtin,Burt Reynolds,United States,15000000.0,36821203.0,Warner Bros.,116.0
Shoot the Moon,R,Drama,1982,"February 19, 1982 (United States)",6.9,2500.0,Alan Parker,Bo Goldman,Albert Finney,United States,12000000.0,9217530.0,Metro-Goldwyn-Mayer (MGM),124.0
Lookin' to Get Out,R,Comedy,1982,"June 30, 1983 (Australia)",5.1,684.0,Hal Ashby,Al Schwartz,Jon Voight,United States,17000000.0,946461.0,Lorimar Productions,105.0
Barbarosa,PG,Western,1982,"February 19, 1982 (United States)",6.4,1500.0,Fred Schepisi,William D. Wittliff,Willie Nelson,United States,11000000.0,1736123.0,Incorporated Television Company (ITC),90.0
Visiting Hours,R,Horror,1982,"May 28, 1982 (United States)",5.7,3800.0,Jean-Claude Lord,Brian Taggert,Michael Ironside,Canada,,13258670.0,Canadian Film Development Corporation (CFDC),103.0
A Little Sex,R,Comedy,1982,"April 2, 1982 (United States)",4.9,501.0,Bruce Paltrow,Robert De Laurentiis,Tim Matheson,United States,,2370376.0,Company Four,95.0
Class Reunion,R,Comedy,1982,"October 29, 1982 (United States)",4.7,2000.0,Michael Miller,John Hughes,Gerrit Graham,United States,,10054150.0,ABC Motion Pictures,84.0
Hanky Panky,PG,Action,1982,"June 4, 1982 (United States)",5.6,2400.0,Sidney Poitier,Henry Rosenbaum,Gene Wilder,United States,,9823934.0,Columbia Pictures,110.0
Author! Author!,PG,Comedy,1982,"June 18, 1982 (United States)",6.2,5100.0,Arthur Hiller,Israel Horovitz,Al Pacino,United States,,13111101.0,Twentieth Century Fox,110.0
Split Image,R,Drama,1982,"October 3, 1982 (United States)",6.5,768.0,Ted Kotcheff,Scott Spencer,Michael O'Keefe,Canada,,263635.0,PolyGram Filmed Entertainment,110.0
The Challenge,R,Action,1982,"July 23, 1982 (United States)",6.3,2000.0,John Frankenheimer,Richard Maxwell,Scott Glenn,United States,,2977706.0,CBS Theatrical Films,108.0
The Soldier,R,Action,1982,"August 27, 1982 (United States)",5.3,1100.0,James Glickenhaus,James Glickenhaus,Ken Wahl,United States,4000000.0,6328816.0,James Glickenhaus,96.0
Wrong Is Right,R,Comedy,1982,"May 14, 1982 (United States)",5.7,1800.0,Richard Brooks,Charles McCarry,Sean Connery,United States,10000000.0,3583513.0,Columbia Pictures,117.0
Six Weeks,PG,Drama,1982,"December 17, 1982 (United States)",5.7,818.0,Tony Bill,Fred Mustard Stewart,Dudley Moore,United States,,6668025.0,PolyGram Pictures,107.0
The State of Things,,Drama,1982,"February 18, 1983 (United States)",7.0,3000.0,Wim Wenders,Robert Kramer,Allen Garfield,West Germany,,3700.0,Gray City,121.0
Jekyll and Hyde... Together Again,R,Sci-Fi,1982,"October 1, 1982 (United States)",6.2,1100.0,Jerry Belson,Monica Mcgowan Johnson,Mark Blankfield,United States,5000000.0,3792188.0,Paramount Pictures,87.0
Forced Vengeance,R,Action,1982,"July 30, 1982 (United States)",5.6,2900.0,James Fargo,Franklin Thompson,Chuck Norris,United States,5000000.0,6660333.0,Metro-Goldwyn-Mayer (MGM),90.0
The Missionary,R,Comedy,1982,"November 5, 1982 (United States)",6.2,2100.0,Richard Loncraine,Michael Palin,Michael Palin,United Kingdom,,7241180.0,HandMade Films,90.0
The Escape Artist,PG,Comedy,1982,"May 28, 1982 (United States)",6.2,683.0,Caleb Deschanel,David Wagoner,Raul Julia,United States,,143369.0,Zoetrope Studios,94.0
Night Crossing,PG,Drama,1982,"February 5, 1982 (United States)",6.5,1300.0,Delbert Mann,John McGreevey,John Hurt,United Kingdom,10000000.0,8000000.0,Walt Disney Productions,107.0
Endangered Species,R,Drama,1982,"September 10, 1982 (United States)",5.9,914.0,Alan Rudolph,Judd Klinger,Robert Urich,United States,,1474249.0,Alive Enterprises,97.0
Things Are Tough All Over,R,Action,1982,"August 4, 1982 (United States)",6.0,3100.0,Thomas K. Avildsen,Cheech Marin,Toni Attell,United States,7000000.0,21134374.0,C & C Brown Production,90.0
Homework,R,Comedy,1982,"August 27, 1982 (United States)",3.5,322.0,James Beshears,Maurice Peterson,Joan Collins,United States,,2914328.0,Jensen Farley Pictures,90.0
Jinxed!,R,Comedy,1982,"October 22, 1982 (United States)",4.7,984.0,Don Siegel,Frank D. Gilroy,Bette Midler,United States,13400000.0,2869638.0,Herb Jaffe,103.0
The Return of Martin Guerre,Not Rated,Biography,1982,"August 26, 1983 (United States)",7.4,4100.0,Daniel Vigne,Jean-Claude Carrière,Gérard Depardieu,France,,3723036.0,S.F.P.C.,112.0
They Call Me Bruce,PG,Action,1982,"November 12, 1982 (United States)",5.7,1500.0,Elliott Hong,David Randolph,Johnny Yune,United States,,16894678.0,Gold Pine Productions,87.0
Some Kind of Hero,R,Comedy,1982,"April 2, 1982 (United States)",5.8,1400.0,Michael Pressman,Robert Boris,Richard Pryor,United States,,23671186.0,Paramount Pictures,97.0
Hammett,PG,Crime,1982,"September 17, 1982 (United States)",6.5,3000.0,Wim Wenders,Joe Gores,Frederic Forrest,United States,,42914.0,Orion Pictures,97.0
Five Days One Summer,PG,Drama,1982,1982 (Japan),6.1,1000.0,Fred Zinnemann,Michael Austin,Sean Connery,United States,15000000.0,199078.0,Cable and Wireless Finance,108.0
Penitentiary II,R,Crime,1982,"April 2, 1982 (United States)",4.4,538.0,Jamaa Fanaka,Jamaa Fanaka,Leon Isaac Kennedy,United States,,3178542.0,Bob-Bea Productions,108.0
If You Could See What I Hear,PG,Biography,1982,"April 23, 1982 (United States)",6.8,785.0,Eric Till,Stuart Gillard,Marc Singer,Canada,,8693512.0,Cypress Grove,103.0
Partners,R,Comedy,1982,"April 30, 1982 (United States)",5.3,1200.0,James Burrows,Francis Veber,Ryan O'Neal,United States,6000000.0,6062898.0,Paramount Pictures,93.0
Richard Pryor: Live on the Sunset Strip,R,Comedy,1982,"March 12, 1982 (United States)",7.7,3900.0,Joe Layton,Paul Mooney,Richard Pryor,United States,,36299720.0,Columbia Pictures,82.0
Bugs Bunny's 3rd Movie: 1001 Rabbit Tales,G,Animation,1982,"November 19, 1982 (United States)",7.1,1800.0,Directors,John W. Dunn,Mel Blanc,United States,,78350.0,Warner Bros. Animation,74.0
Monsignor,R,Crime,1982,"October 22, 1982 (United States)",5.1,838.0,Frank Perry,Jack-Alain Léger,Christopher Reeve,United States,,12408066.0,Frank Yablans Presentations,121.0
"Yes, Giorgio",PG,Comedy,1982,"September 24, 1982 (United States)",3.9,653.0,Franklin J. Schaffner,Anne Piper,Luciano Pavarotti,United States,19000000.0,2279543.0,Metro-Goldwyn-Mayer (MGM),110.0
I Ought to Be in Pictures,PG,Comedy,1982,"March 26, 1982 (United States)",6.2,895.0,Herbert Ross,Neil Simon,Walter Matthau,United States,,6968359.0,Twentieth Century Fox,108.0
La traviata,G,Drama,1982,"February 18, 1983 (Italy)",7.2,1300.0,Franco Zeffirelli,Francesco Maria Piave,Teresa Stratas,Netherlands,,3783329.0,Accent Films B.V.,109.0
Fighting Back,R,Action,1982,"May 21, 1982 (United States)",6.1,460.0,Lewis Teague,Thomas Hedley Jr.,Tom Skerritt,United States,,3355948.0,Permut Presentations,98.0
Kamikaze 89,Not Rated,Sci-Fi,1982,"July 16, 1982 (West Germany)",5.8,665.0,Wolf Gremm,Robert Katz,Rainer Werner Fassbinder,West Germany,,22440.0,Regina Ziegler Filmproduktion,106.0
The Wizard of Oz,Not Rated,Animation,1982,"October 6, 1982 (United States)",6.8,352.0,Fumihiko Takayama,Yoshimitsu Banno,Aileen Quinn,United States,,,Alan Enterprises,78.0
Heidi's Song,G,Animation,1982,"November 19, 1982 (United States)",6.3,256.0,Robert Taylor,Joseph Barbera,Lorne Greene,United States,,5124391.0,Hanna-Barbera Productions,94.0
Love Child,R,Crime,1982,"October 15, 1982 (United States)",5.7,253.0,Larry Peerce,Anne Gerard,Amy Madigan,United States,,,The Ladd Company,96.0
Boardinghouse,R,Comedy,1982,"October 21, 1983 (United States)",3.8,651.0,John Wintergate,John Wintergate,John Wintergate,United States,10000.0,,Blustarr,98.0
Experience Preferred... But Not Essential,PG,Drama,1982,"December 22, 1982 (United Kingdom)",7.0,240.0,Peter Duffell,June Roberts,Elizabeth Edmonds,United Kingdom,,,Channel Four Film,80.0
The Personals,PG,Comedy,1982,October 1982 (United States),6.7,75.0,Peter Markle,Peter Markle,Bill Schoppert,United States,435000.0,,Blueline Productions,90.0
Lonely Hearts,R,Comedy,1982,"October 21, 1982 (Australia)",6.8,336.0,Paul Cox,Paul Cox,Wendy Hughes,Australia,,777087.0,Adam Packer Film Productions,106.0
Scarface,R,Crime,1983,"December 9, 1983 (United States)",8.3,766000.0,Brian De Palma,Oliver Stone,Al Pacino,United States,25000000.0,65884703.0,Universal Pictures,170.0
The Outsiders,PG,Crime,1983,"March 25, 1983 (United States)",7.1,78000.0,Francis Ford Coppola,Kathleen Rowell,C. Thomas Howell,United States,10000000.0,25697647.0,Zoetrope Studios,91.0
Star Wars: Episode VI - Return of the Jedi,PG,Action,1983,"May 25, 1983 (United States)",8.3,973000.0,Richard Marquand,Lawrence Kasdan,Mark Hamill,United States,32500000.0,475106177.0,Lucasfilm,131.0
Risky Business,R,Comedy,1983,"August 5, 1983 (United States)",6.8,83000.0,Paul Brickman,Paul Brickman,Tom Cruise,United States,6200000.0,63541777.0,The Geffen Company,99.0
National Lampoon's Vacation,R,Adventure,1983,"July 29, 1983 (United States)",7.4,100000.0,Harold Ramis,John Hughes,Chevy Chase,United States,15000000.0,61399552.0,National Lampoon,98.0
Trading Places,R,Comedy,1983,"June 8, 1983 (United States)",7.5,141000.0,John Landis,Timothy Harris,Eddie Murphy,United States,15000000.0,90404800.0,Cinema Group Ventures,116.0
Superman III,PG,Action,1983,"June 17, 1983 (United States)",5.0,66000.0,Richard Lester,Jerry Siegel,Christopher Reeve,France,39000000.0,59950623.0,Dovemead Films,125.0
The Big Chill,R,Comedy,1983,"September 30, 1983 (United States)",7.2,34000.0,Lawrence Kasdan,Lawrence Kasdan,Tom Berenger,United States,8000000.0,56399659.0,Columbia Pictures,105.0
Staying Alive,PG,Drama,1983,"July 15, 1983 (United States)",4.7,15000.0,Sylvester Stallone,Nik Cohn,John Travolta,United States,22000000.0,64892670.0,Paramount Pictures,93.0
Jaws 3-D,PG,Adventure,1983,"July 22, 1983 (United States)",3.7,41000.0,Joe Alves,Peter Benchley,Dennis Quaid,United States,20500000.0,87987055.0,Universal Pictures,99.0
Christine,R,Horror,1983,"December 9, 1983 (United States)",6.7,75000.0,John Carpenter,Stephen King,Keith Gordon,United States,9700000.0,21017849.0,Columbia Pictures,110.0
Sleepaway Camp,R,Horror,1983,"November 18, 1983 (United States)",6.3,28000.0,Robert Hiltzik,Robert Hiltzik,Felissa Rose,United States,350000.0,,American Eagle Films,84.0
Flashdance,R,Drama,1983,"April 15, 1983 (United States)",6.2,50000.0,Adrian Lyne,Thomas Hedley Jr.,Jennifer Beals,United States,4000000.0,92921203.0,Paramount Pictures,95.0
WarGames,PG,Action,1983,"June 3, 1983 (United States)",7.1,93000.0,John Badham,Lawrence Lasker,Matthew Broderick,United States,12000000.0,79567667.0,United Artists,114.0
The Right Stuff,PG,Adventure,1983,"February 17, 1984 (United States)",7.8,57000.0,Philip Kaufman,Philip Kaufman,Sam Shepard,United States,27000000.0,21192315.0,The Ladd Company,193.0
Krull,PG,Action,1983,"July 29, 1983 (United States)",6.1,31000.0,Peter Yates,Stanford Sherman,Ken Marshall,United Kingdom,47000000.0,16916617.0,Columbia Pictures,121.0
Spring Break,R,Comedy,1983,"March 25, 1983 (United States)",4.9,2800.0,Sean S. Cunningham,David Smilow,David Knell,United States,,24071666.0,Columbia Pictures,102.0
The Dead Zone,R,Drama,1983,"October 21, 1983 (United States)",7.2,65000.0,David Cronenberg,Jeffrey Boam,Christopher Walken,United States,10000000.0,20766616.0,Dino De Laurentiis Company,103.0
Octopussy,PG,Action,1983,"June 10, 1983 (United States)",6.5,98000.0,John Glen,George MacDonald Fraser,Roger Moore,United Kingdom,27500000.0,67893619.0,United Artists,131.0
Private School,R,Comedy,1983,"July 29, 1983 (United States)",5.3,6100.0,Noel Black,Dan Greenburg,Phoebe Cates,United States,3500000.0,14049540.0,Unity Productions,89.0
Valley Girl,R,Comedy,1983,"April 29, 1983 (United States)",6.4,14000.0,Martha Coolidge,Andrew Lane,Nicolas Cage,United States,350000.0,17343596.0,Atlantic Entertainment Group,99.0
Rumble Fish,R,Crime,1983,"October 21, 1983 (United States)",7.2,32000.0,Francis Ford Coppola,S.E. Hinton,Matt Dillon,United States,10000000.0,2494480.0,Zoetrope Studios,94.0
Videodrome,R,Horror,1983,"February 4, 1983 (United States)",7.2,86000.0,David Cronenberg,David Cronenberg,James Woods,Canada,5952000.0,2120439.0,Filmplan International,87.0
Terms of Endearment,PG,Comedy,1983,"December 9, 1983 (United States)",7.4,57000.0,James L. Brooks,Larry McMurtry,Shirley MacLaine,United States,8000000.0,108423749.0,Paramount Pictures,132.0
Twilight Zone: The Movie,PG,Horror,1983,"June 24, 1983 (United States)",6.5,34000.0,Directors,John Landis,Dan Aykroyd,United States,10000000.0,29450919.0,Amblin Entertainment,101.0
Never Say Never Again,PG,Action,1983,"October 7, 1983 (United States)",6.2,63000.0,Irvin Kershner,Kevin McClory,Sean Connery,United Kingdom,36000000.0,55432841.0,TaliaFilm II Productions,134.0
A Christmas Story,PG,Comedy,1983,"November 18, 1983 (United States)",7.9,134000.0,Bob Clark,Jean Shepherd,Peter Billingsley,United States,3300000.0,20653717.0,Metro-Goldwyn-Mayer (MGM),93.0
Cujo,R,Horror,1983,"August 12, 1983 (United States)",6.1,41000.0,Lewis Teague,Stephen King,Dee Wallace,United States,5000000.0,21156152.0,Sunn Classic Pictures,93.0
Sudden Impact,R,Action,1983,"December 9, 1983 (United States)",6.6,42000.0,Clint Eastwood,Harry Julian Fink,Clint Eastwood,United States,22000000.0,67642693.0,Warner Bros.,117.0
The Hunger,R,Drama,1983,"April 29, 1983 (United States)",6.7,24000.0,Tony Scott,James Costigan,Catherine Deneuve,United Kingdom,,5988322.0,Metro-Goldwyn-Mayer (MGM),97.0
Mr. Mom,PG,Comedy,1983,"August 19, 1983 (United States)",6.6,22000.0,Stan Dragoti,John Hughes,Michael Keaton,United States,,64783827.0,Sherwood Productions,91.0
Blue Thunder,R,Action,1983,"May 13, 1983 (United States)",6.4,18000.0,John Badham,Dan O'Bannon,Roy Scheider,United States,22000000.0,42313354.0,Columbia Pictures,109.0
Breathless,R,Action,1983,"May 13, 1983 (United States)",5.9,8700.0,Jim McBride,François Truffaut,Richard Gere,United States,7500000.0,19910002.0,Breathless Associates,100.0
Psycho II,R,Crime,1983,"June 3, 1983 (United States)",6.5,25000.0,Richard Franklin,Tom Holland,Anthony Perkins,United States,5000000.0,34725000.0,Universal Pictures,113.0
Local Hero,PG,Comedy,1983,"March 17, 1983 (United Kingdom)",7.4,22000.0,Bill Forsyth,Bill Forsyth,Burt Lancaster,United Kingdom,,5899678.0,Enigma Productions,111.0
Bad Boys,R,Crime,1983,"March 25, 1983 (United States)",7.2,14000.0,Rick Rosenthal,Richard Di Lello,Sean Penn,United States,,9190819.0,EMI Films,123.0
Silkwood,R,Biography,1983,"January 27, 1984 (United States)",7.2,19000.0,Mike Nichols,Nora Ephron,Meryl Streep,United States,10000000.0,35615609.0,ABC Motion Pictures,131.0
All the Right Moves,R,Drama,1983,"October 21, 1983 (United States)",5.9,16000.0,Michael Chapman,Michael Kane,Tom Cruise,United States,5600000.0,17233166.0,Lucille Ball Productions,91.0
The Keep,R,Drama,1983,"December 16, 1983 (United States)",5.7,11000.0,Michael Mann,F. Paul Wilson,Scott Glenn,United Kingdom,11000000.0,4218594.0,Paramount Pictures,96.0
My Tutor,R,Comedy,1983,"April 22, 1983 (United States)",5.2,3300.0,George Bowers,Joe Roberts,Matt Lattanzi,United States,,22587834.0,Marimark Productions,97.0
Yentl,PG,Drama,1983,"January 6, 1984 (United States)",6.6,13000.0,Barbra Streisand,Jack Rosenthal,Barbra Streisand,United Kingdom,12000000.0,40218899.0,Ladbroke,133.0
Fire and Ice,PG,Animation,1983,"August 26, 1983 (United States)",6.6,10000.0,Ralph Bakshi,Ralph Bakshi,Randy Norton,United States,1200000.0,760883.0,Polyc International BV,81.0
Eddie and the Cruisers,PG,Drama,1983,"September 23, 1983 (United States)",6.9,6900.0,Martin Davidson,Martin Davidson,Tom Berenger,United States,,4786789.0,Aurora,95.0
Yellowbeard,PG,Action,1983,"June 24, 1983 (United States)",6.0,7500.0,Mel Damski,Graham Chapman,Graham Chapman,United Kingdom,6500000.0,4300000.0,Seagoat Films,96.0
The Meaning of Life,R,Comedy,1983,"March 31, 1983 (United States)",7.5,115000.0,Terry Jones,Graham Chapman,John Cleese,United Kingdom,9000000.0,14949697.0,Celandine Films,107.0
Nostalghia,Not Rated,Drama,1983,March 1992 (United States),8.1,24000.0,Andrei Tarkovsky,Andrei Tarkovsky,Oleg Yankovskiy,Italy,,55269.0,Rai 2,125.0
Hot Dog... The Movie,R,Comedy,1983,"January 13, 1984 (United States)",5.0,3200.0,Peter Markle,Mike Marvin,David Naughton,United States,,20307325.0,Edward S. Feldman Productions,96.0
Smokey and the Bandit Part 3,PG,Action,1983,"August 12, 1983 (United States)",3.5,8200.0,Dick Lowry,Stuart Birnbaum,Jackie Gleason,United States,,5678950.0,Universal Pictures,85.0
Deathstalker,R,Action,1983,"September 16, 1983 (United States)",4.6,4600.0,James Sbardellati,Howard R. Cohen,Rick Hill,United States,457000.0,11919250.0,Aries Cinematográfica Argentina,80.0
Porky's II: The Next Day,R,Comedy,1983,"June 24, 1983 (United States)",5.0,11000.0,Bob Clark,Roger Swaybill,Dan Monahan,Canada,6500000.0,33759266.0,Astral Bellevue Pathé,98.0
Something Wicked This Way Comes,PG,Fantasy,1983,"April 29, 1983 (United States)",6.8,8600.0,Jack Clayton,Ray Bradbury,Jason Robards,United States,19000000.0,8400000.0,Walt Disney Productions,95.0
Tender Mercies,PG,Drama,1983,"March 4, 1983 (Canada)",7.4,9700.0,Bruce Beresford,Horton Foote,Robert Duvall,United States,,8443124.0,Antron Media Production,92.0
Star 80,R,Biography,1983,"February 3, 1984 (United States)",6.7,6000.0,Bob Fosse,Teresa Carpenter,Mariel Hemingway,United States,12000000.0,6472990.0,The Ladd Company,103.0
Gorky Park,R,Crime,1983,"December 16, 1983 (United States)",6.7,13000.0,Michael Apted,Martin Cruz Smith,William Hurt,United States,15000000.0,15856028.0,Eagle Associates.,128.0
Lone Wolf McQuade,PG,Action,1983,"April 15, 1983 (United States)",6.3,11000.0,Steve Carver,B.J. Nelson,Chuck Norris,United States,5000000.0,12232628.0,1818 Productions,107.0
Easy Money,R,Comedy,1983,"August 19, 1983 (United States)",6.3,8200.0,James Signorelli,Rodney Dangerfield,Rodney Dangerfield,United States,,29309766.0,Easy Money Associates,95.0
Merry Christmas Mr. Lawrence,R,Drama,1983,"September 2, 1983 (United States)",7.3,16000.0,Nagisa Ôshima,Lourens van der Post,David Bowie,United Kingdom,,2306560.0,National Film Trustee Company,123.0
Losin' It,R,Comedy,1983,"April 22, 1983 (United States)",4.9,4200.0,Curtis Hanson,Bill Norton,Tom Cruise,Canada,7000000.0,1246141.0,Tiberius Film Productions,100.0
Screwballs,R,Comedy,1983,"April 1, 1983 (United States)",4.7,3000.0,Rafal Zielinski,Linda Shayne,Peter Keleghan,Canada,800000.0,2082215.0,Millenium,80.0
Brainstorm,PG,Sci-Fi,1983,"September 30, 1983 (United States)",6.4,11000.0,Douglas Trumbull,Bruce Joel Rubin,Christopher Walken,United States,15000000.0,10219460.0,JF Productions,106.0
The Man with Two Brains,R,Comedy,1983,"June 3, 1983 (United States)",6.4,25000.0,Carl Reiner,George Gipe,Steve Martin,United States,,10353438.0,Aspen Film Society,93.0
Angel,R,Action,1983,"January 13, 1984 (United States)",5.7,2900.0,Robert Vincent O'Neil,Robert Vincent O'Neil,Cliff Gorman,United States,3000000.0,17488564.0,Adams Apple Film Company,94.0
10 to Midnight,R,Crime,1983,"March 11, 1983 (United States)",6.3,7200.0,J. Lee Thompson,William Roberts,Charles Bronson,United States,4520000.0,7175592.0,Cannon Films,101.0
Uncommon Valor,R,Action,1983,"December 16, 1983 (United States)",6.4,9300.0,Ted Kotcheff,Joe Gayton,Gene Hackman,United States,14500000.0,30503151.0,Paramount Pictures,105.0
Doctor Detroit,R,Comedy,1983,"May 6, 1983 (United States)",5.2,5400.0,Michael Pressman,Bruce Jay Friedman,Dan Aykroyd,United States,,10375893.0,Black Rhino Productions,89.0
Mortuary,R,Horror,1983,"September 2, 1983 (United States)",5.2,1900.0,Howard Avedis,Howard Avedis,Mary Beth McDonough,United States,250000.0,4319001.0,Hickmar Productions,93.0
Stroker Ace,PG,Action,1983,"July 1, 1983 (United States)",4.9,3700.0,Hal Needham,William Neely,Burt Reynolds,United States,,13000000.0,Universal Pictures,96.0
Sahara,PG,Adventure,1983,"March 2, 1984 (United States)",5.0,1500.0,Andrew V. McLaglen,Menahem Golan,Brooke Shields,United Kingdom,25000000.0,1402962.0,Cabal Film,111.0
Two of a Kind,PG,Comedy,1983,"December 16, 1983 (United States)",4.7,3900.0,John Herzfeld,John Herzfeld,John Travolta,United States,14000000.0,23646952.0,Twentieth Century Fox,88.0
Chained Heat,R,Action,1983,"May 27, 1983 (United States)",5.0,2100.0,Paul Nicholas,Aaron Butler,Linda Blair,United States,1250000.0,6149983.0,Heat GBR,95.0
Spacehunter: Adventures in the Forbidden Zone,PG,Action,1983,"May 20, 1983 (United States)",5.5,5500.0,Lamont Johnson,Stewart Harding,Peter Strauss,United States,14400000.0,16478265.0,Columbia Pictures,90.0
High Road to China,PG,Adventure,1983,"March 18, 1983 (United States)",6.1,5100.0,Brian G. Hutton,Jon Cleary,Tom Selleck,United States,19000000.0,28445927.0,City Films,105.0
Never Cry Wolf,PG,Adventure,1983,"January 27, 1984 (United States)",7.5,7800.0,Carroll Ballard,Farley Mowat,Charles Martin Smith,United States,,29600000.0,Walt Disney Pictures,105.0
The Pirates of Penzance,G,Comedy,1983,"February 18, 1983 (United States)",7.1,3300.0,Wilford Leach,W.S. Gilbert,Kevin Kline,United Kingdom,,694497.0,Universal Pictures,112.0
Rock & Rule,PG,Animation,1983,"July 24, 1987 (United States)",6.5,3400.0,Clive Smith,Patrick Loubert,Don Francks,Canada,8000000.0,30379.0,Nelvana,77.0
Hercules,PG,Adventure,1983,"August 26, 1983 (United States)",4.0,3600.0,Luigi Cozzi,Luigi Cozzi,Lou Ferrigno,Italy,2500000.0,10676194.0,Cannon Films Inc.,98.0
Educating Rita,PG,Comedy,1983,"October 28, 1983 (United States)",7.2,13000.0,Lewis Gilbert,Willy Russell,Michael Caine,United Kingdom,,14648076.0,Acorn Pictures,110.0
A Night in Heaven,R,Drama,1983,"November 18, 1983 (United States)",4.3,1200.0,John G. Avildsen,Joan Tewkesbury,Christopher Atkins,United States,,5563663.0,,83.0
Under Fire,R,Drama,1983,"October 21, 1983 (United States)",7.0,7200.0,Roger Spottiswoode,Ron Shelton,Nick Nolte,United States,9500000.0,5696391.0,Cinema '84,128.0
Amityville 3-D,PG,Horror,1983,"November 18, 1983 (United States)",4.1,6000.0,Richard Fleischer,David Ambrose,Tony Roberts,Mexico,6000000.0,6333135.0,De Laurentiis Entertainment Group (DEG),105.0
Testament,PG,Drama,1983,"January 5, 1984 (Argentina)",7.0,5800.0,Lynne Littman,Carol Amen,Jane Alexander,United States,,2044892.0,Paramount Pictures,90.0
The Osterman Weekend,R,Action,1983,"November 4, 1983 (United States)",5.9,8200.0,Sam Peckinpah,Robert Ludlum,Rutger Hauer,United States,6500000.0,6486797.0,Osterman Weekend Associates,103.0
Revenge of the Ninja,R,Action,1983,"September 16, 1983 (United States)",6.1,4700.0,Sam Firstenberg,James R. Silke,Shô Kosugi,United States,700000.0,13168027.0,Cannon Films,90.0
Zelig,PG,Comedy,1983,"August 25, 1983 (Argentina)",7.7,41000.0,Woody Allen,Woody Allen,Woody Allen,United States,,11798616.0,Jack Rollins & Charles H. Joffe Productions,79.0
Independence Day,R,Drama,1983,"September 9, 1983 (Denmark)",6.5,458.0,Robert Mandel,Alice Hoffman,Kathleen Quinlan,United States,,,Warner Bros.,110.0
Escape from the Bronx,R,Action,1983,"January 18, 1985 (United States)",4.6,2300.0,Enzo G. Castellari,Tito Carpi,Mark Gregory,Italy,,,Fulvia Film,89.0
To Be or Not to Be,PG,Comedy,1983,"December 16, 1983 (United States)",6.8,10000.0,Alan Johnson,Thomas Meehan,Mel Brooks,United States,9000000.0,13030214.0,Brooksfilms,107.0
Eureka,R,Drama,1983,"May 20, 1983 (United Kingdom)",6.0,3100.0,Nicolas Roeg,Marshall Houts,Gene Hackman,United Kingdom,,123572.0,Recorded Picture Company (RPC),130.0
The Wicked Lady,R,Adventure,1983,"October 28, 1983 (United States)",4.7,1100.0,Michael Winner,Leslie Arliss,Faye Dunaway,United Kingdom,8000000.0,724912.0,Golan-Globus Productions,98.0
Still Smokin,R,Comedy,1983,"May 6, 1983 (United States)",5.6,7400.0,Tommy Chong,Tommy Chong,Cheech Marin,United States,,15543710.0,Paramount Pictures,91.0
"Yor, the Hunter from the Future",PG,Action,1983,"August 19, 1983 (United States)",4.4,2900.0,Antonio Margheriti,Juan Zanotto,Reb Brown,Italy,,2810199.0,Diamant Film,88.0
Of Unknown Origin,R,Horror,1983,"November 24, 1983 (United States)",6.1,2900.0,George P. Cosmatos,Chauncey G. Parker III,Peter Weller,Canada,4000000.0,1080470.0,Warner Bros.,88.0
Curse of the Pink Panther,PG,Comedy,1983,"August 12, 1983 (United States)",4.3,5700.0,Blake Edwards,Blake Edwards,David Niven,United Kingdom,11000000.0,4491986.0,United Artists,109.0
D.C. Cab,R,Action,1983,"December 16, 1983 (United States)",5.5,4400.0,Joel Schumacher,Topper Carew,Max Gail,United States,8000000.0,16134627.0,RKO Pictures,100.0
Beyond the Limit,R,Drama,1983,"September 30, 1983 (United States)",5.7,1200.0,John Mackenzie,Graham Greene,Michael Caine,United Kingdom,11800000.0,5997566.0,World Film Services,104.0
The Survivors,R,Comedy,1983,"June 22, 1983 (United States)",5.8,4700.0,Michael Ritchie,Michael Leeson,Walter Matthau,United States,12000000.0,14000000.0,Rastar Films,103.0
The Lonely Lady,R,Drama,1983,"September 30, 1983 (United States)",3.0,938.0,Peter Sasdy,Harold Robbins,Pia Zadora,United States,5000000.0,1223200.0,Harold Robbins International Company,92.0
The Star Chamber,R,Crime,1983,"August 5, 1983 (United States)",6.3,6500.0,Peter Hyams,Roderick Taylor,Michael Douglas,United States,,5555305.0,Twentieth Century Fox,109.0
The Dresser,PG,Drama,1983,"December 6, 1983 (United States)",7.6,4900.0,Peter Yates,Ronald Harwood,Albert Finney,United Kingdom,,5310748.0,Columbia Pictures,118.0
The Lords of Discipline,R,Thriller,1983,"February 18, 1983 (United States)",6.6,2600.0,Franc Roddam,Pat Conroy,David Keith,United States,,11787127.0,Paramount Pictures,102.0
Cross Creek,PG,Biography,1983,"October 27, 1983 (Netherlands)",7.0,1700.0,Martin Ritt,Marjorie Kinnan Rawlings,Mary Steenburgen,United States,,,Thorn EMI Screen Entertainment,127.0
The Man Who Loved Women,R,Comedy,1983,"December 16, 1983 (United States)",5.3,2200.0,Blake Edwards,Blake Edwards,Burt Reynolds,United States,19000000.0,10964740.0,Delphi Films,110.0
Nightmares,R,Horror,1983,"September 9, 1983 (United States)",5.8,3000.0,Joseph Sargent,Christopher Crowe,Cristina Raines,United States,6000000.0,6670680.0,Universal Pictures,99.0
Deal of the Century,PG,Comedy,1983,"November 4, 1983 (United States)",4.6,3600.0,William Friedkin,Paul Brickman,Chevy Chase,United States,10000000.0,10369581.0,Warner Bros.,99.0
Eddie Macon's Run,PG,Action,1983,"March 25, 1983 (United States)",5.7,1100.0,Jeff Kanew,James McLendon,Kirk Douglas,United States,5000000.0,1262691.0,Universal Pictures,95.0
Max Dugan Returns,PG,Comedy,1983,"March 25, 1983 (United States)",6.6,3300.0,Herbert Ross,Neil Simon,Jason Robards,United States,,17613720.0,Twentieth Century Fox,98.0
The Sting II,PG,Comedy,1983,"February 18, 1983 (United States)",4.9,2100.0,Jeremy Kagan,David S. Ward,Jackie Gleason,United States,,6347072.0,Universal Pictures,101.0
Baby It's You,R,Comedy,1983,"March 4, 1983 (United States)",6.3,1700.0,John Sayles,Amy Robinson,Rosanna Arquette,United States,3000000.0,1867792.0,Double Play,105.0
Heat and Dust,R,Drama,1983,January 1983 (United Kingdom),6.6,1600.0,James Ivory,Ruth Prawer Jhabvala,Julie Christie,United Kingdom,,1772889.0,Merchant Ivory Productions,130.0
Going Berserk,R,Comedy,1983,"September 30, 1983 (United States)",5.2,1700.0,David Steinberg,Dana Olsen,John Candy,Canada,,,Les Productions Mutuelles Ltée,85.0
Daniel,R,Drama,1983,"February 10, 1984 (United Kingdom)",6.6,1200.0,Sidney Lumet,E.L. Doctorow,Timothy Hutton,United Kingdom,,687475.0,Paramount Pictures,130.0
Heart Like a Wheel,PG,Biography,1983,"April 1, 1983 (United States)",6.7,1300.0,Jonathan Kaplan,Ken Friedman,Bonnie Bedelia,United States,,272278.0,Aurora,113.0
Love Letters,R,Drama,1983,"April 27, 1984 (United States)",5.9,701.0,Amy Holden Jones,Amy Holden Jones,Jamie Lee Curtis,United States,550000.0,5269990.0,Millenium,88.0
Get Crazy,R,Comedy,1983,"August 5, 1983 (United States)",6.7,1100.0,Allan Arkush,Danny Opatoshu,Malcolm McDowell,United States,5500000.0,1645711.0,D & P Productions,92.0
Nate and Hayes,PG,Action,1983,"November 18, 1983 (United States)",6.2,2100.0,Ferdinand Fairfax,Lloyd Phillips,Tommy Lee Jones,New Zealand,12000000.0,1963756.0,Phillips Whitehouse Productions,99.0
Strange Invaders,PG,Horror,1983,"September 16, 1983 (United States)",5.5,2700.0,Michael Laughlin,Bill Condon,Paul Le Mat,United States,,1362303.0,EMI Films,94.0
The Black Stallion Returns,PG,Adventure,1983,"March 25, 1983 (United States)",6.0,2100.0,Robert Dalva,Walter Farley,Kelly Reno,United States,,12049514.0,Zoetrope Studios,103.0
Metalstorm: the Destruction of Jared-Syn,PG,Action,1983,"August 19, 1983 (United States)",3.8,1600.0,Charles Band,Alan J. Adler,Jeffrey Byron,United States,,5301085.0,Albert Band International Productions Inc.,84.0
Getting It on,R,Comedy,1983,August 1983 (United States),3.7,208.0,William Olsen,William Olsen,Martin Yost,United States,220000.0,975414.0,Seventh Avenue Films,96.0
Lianna,R,Drama,1983,"September 8, 1983 (Netherlands)",6.8,1600.0,John Sayles,John Sayles,Linda Griffiths,United States,300000.0,1530839.0,Winwood Productions,110.0
Better Late Than Never,PG,Comedy,1983,"April 15, 1983 (United States)",5.8,115.0,Bryan Forbes,Gwen Davis,David Niven,United Kingdom,,,Golden Harvest Company,89.0
Lovesick,PG,Comedy,1983,"February 18, 1983 (United States)",5.2,747.0,Marshall Brickman,Marshall Brickman,Dudley Moore,United States,10100000.0,10171304.0,The Ladd Company,95.0
Running Brave,PG,Biography,1983,"November 4, 1983 (United States)",6.7,659.0,Donald Shebib,Henry Bean,Robby Benson,Canada,8000000.0,3000000.0,Englander Productions,106.0
Exposed,R,Drama,1983,"April 22, 1983 (United States)",5.1,786.0,James Toback,James Toback,Nastassja Kinski,United States,,1818910.0,United Artists,100.0
Trenchcoat,PG,Comedy,1983,"March 11, 1983 (United States)",5.3,456.0,Michael Tuchner,Jeffrey Price,Margot Kidder,United States,5000000.0,4304286.0,Walt Disney Productions,91.0
Stryker,R,Action,1983,"September 2, 1983 (United States)",4.3,617.0,Cirio H. Santiago,Howard R. Cohen,Steve Sandor,Philippines,,1723487.0,Cinema Vehicle Services,86.0
The Man Who Wasn't There,R,Action,1983,"August 12, 1983 (United States)",3.8,513.0,Bruce Malmuth,Stanford Sherman,Steve Guttenberg,United States,,2443487.0,Paramount Pictures,111.0
Table for Five,PG,Drama,1983,"March 10, 1983 (Australia)",6.1,681.0,Robert Lieberman,David Seltzer,Jon Voight,United States,,2439705.0,CBS Theatrical Films,122.0
Romantic Comedy,PG,Comedy,1983,"October 7, 1983 (United States)",5.2,786.0,Arthur Hiller,Bernard Slade,Dudley Moore,United States,,6857733.0,Metrocolor,103.0
Young Warriors,R,Action,1983,"August 28, 1983 (United States)",4.7,460.0,Lawrence David Foldes,Russell W. Colgin,Ernest Borgnine,United States,,,Star Cinema,105.0
"Man, Woman and Child",PG,Drama,1983,"September 7, 1983 (France)",6.1,368.0,Dick Richards,Erich Segal,Martin Sheen,United States,,2314561.0,Gaylord Productions,99.0
Hanna K.,R,Drama,1983,"September 7, 1983 (France)",6.3,661.0,Costa-Gavras,Franco Solinas,Jill Clayburgh,Israel,,,K.G. Productions,111.0
Slayground,R,Crime,1983,February 1984 (United States),4.9,360.0,Terry Bedford,Trevor Preston,Peter Coyote,United Kingdom,,108128.0,Jennie and Company,89.0
White Star,,Drama,1983,"March 8, 1985 (West Germany)",6.0,235.0,Roland Klick,Karen Jaehne-Lathan,Dennis Hopper,West Germany,100000.0,,,92.0
Richard Pryor... Here and Now,R,Comedy,1983,"October 28, 1983 (United States)",7.3,2200.0,Richard Pryor,Paul Mooney,Richard Pryor,United States,,16156776.0,Columbia Pictures,83.0
Deadly Force,R,Action,1983,"July 15, 1983 (United States)",4.9,300.0,Paul Aaron,Ken Barnett,Wings Hauser,United States,3000000.0,,Force Productions,95.0
My Brother's Wedding,Not Rated,Drama,1983,March 1985 (United States),7.2,826.0,Charles Burnett,Charles Burnett,Everett Silas,United States,50000.0,26177.0,Charles Burnett Productions,115.0
Blue Skies Again,PG,Comedy,1983,"April 29, 1983 (United States)",5.4,169.0,Richard Michaels,Kevin Sellers,Harry Hamlin,United States,,,Lantana,96.0
Last Plane Out,PG,Action,1983,"September 23, 1983 (United States)",4.5,131.0,David Nelson,Ernest Tidyman,Jan-Michael Vincent,United States,,,,92.0
Cross Country,R,Thriller,1983,"November 18, 1983 (United States)",5.4,182.0,Paul Lynch,Herbert Kastle,Richard Beymer,Canada,2500000.0,,Filmline Productions,95.0
A Polish Vampire in Burbank,Not Rated,Comedy,1983,"October 31, 1983 (United States)",5.0,275.0,Mark Pirro,Mark Pirro,Mark Pirro,United States,3000.0,,Pirromount Pictures,80.0
Forever Young,Not Rated,Drama,1983,"January 29, 1986 (United States)",6.7,51.0,David Drury,Ray Connolly,James Aubrey,United Kingdom,,,Channel Four Films,84.0
The Golden Seal,PG,Drama,1983,"August 19, 1983 (United States)",5.3,313.0,Frank Zuniga,Donald G. Payne,Steve Railsback,United States,,6666725.0,The Samuel Goldwyn Company,94.0
The Business of Show Business,,History,1983,"February 15, 1983 (Canada)",8.3,79.0,Tom Logan,Tom Logan,,Canada,323562.0,,CTV,55.0
The Terminator,R,Action,1984,"October 26, 1984 (United States)",8.0,812000.0,James Cameron,James Cameron,Arnold Schwarzenegger,United Kingdom,6400000.0,78371200.0,Cinema '84,107.0
Dune,PG-13,Action,1984,"December 14, 1984 (United States)",6.5,132000.0,David Lynch,Frank Herbert,Kyle MacLachlan,United States,40000000.0,30925690.0,Dino De Laurentiis Company,137.0
Ghostbusters,PG,Action,1984,"June 8, 1984 (United States)",7.8,365000.0,Ivan Reitman,Dan Aykroyd,Bill Murray,United States,30000000.0,296187079.0,Columbia Pictures,105.0
The Karate Kid,PG,Action,1984,"June 22, 1984 (United States)",7.3,205000.0,John G. Avildsen,Robert Mark Kamen,Ralph Macchio,United States,8000000.0,91119319.0,Columbia Pictures,126.0
Once Upon a Time in America,R,Crime,1984,"June 1, 1984 (United States)",8.4,321000.0,Sergio Leone,Harry Grey,Robert De Niro,Italy,30000000.0,5473212.0,The Ladd Company,229.0
Police Academy,R,Comedy,1984,"March 23, 1984 (United States)",6.7,118000.0,Hugh Wilson,Neal Israel,Steve Guttenberg,United States,4500000.0,81198894.0,The Ladd Company,96.0
Indiana Jones and the Temple of Doom,PG,Action,1984,"May 23, 1984 (United States)",7.5,459000.0,Steven Spielberg,Willard Huyck,Harrison Ford,United States,28000000.0,333107271.0,Paramount Pictures,118.0
Body Double,R,Crime,1984,"October 26, 1984 (United States)",6.8,30000.0,Brian De Palma,Robert J. Avrech,Craig Wasson,United States,10000000.0,8801940.0,Columbia Pictures,114.0
A Nightmare on Elm Street,R,Horror,1984,"November 16, 1984 (United States)",7.5,212000.0,Wes Craven,Wes Craven,Heather Langenkamp,United States,1800000.0,25507137.0,New Line Cinema,91.0
Amadeus,PG,Biography,1984,"September 19, 1984 (United States)",8.3,377000.0,Milos Forman,Peter Shaffer,F. Murray Abraham,United States,18000000.0,52066791.0,AMLF,160.0
Beverly Hills Cop,R,Action,1984,"December 5, 1984 (United States)",7.3,171000.0,Martin Brest,Daniel Petrie Jr.,Eddie Murphy,United States,14000000.0,316360478.0,Paramount Pictures,105.0
Red Dawn,PG-13,Action,1984,"August 10, 1984 (United States)",6.4,53000.0,John Milius,Kevin Reynolds,Patrick Swayze,United States,17000000.0,38376497.0,United Artists,114.0
The NeverEnding Story,PG,Adventure,1984,"July 20, 1984 (United States)",7.4,135000.0,Wolfgang Petersen,Wolfgang Petersen,Noah Hathaway,West Germany,27000000.0,20251411.0,Constantin Film,102.0
Footloose,PG,Drama,1984,"February 17, 1984 (United States)",6.6,73000.0,Herbert Ross,Dean Pitchford,Kevin Bacon,United States,8200000.0,80039064.0,Paramount Pictures,107.0
Revenge of the Nerds,R,Comedy,1984,"August 10, 1984 (United States)",6.6,50000.0,Jeff Kanew,Tim Metcalfe,Robert Carradine,United States,8000000.0,40874452.0,Twentieth Century Fox,90.0
Gremlins,PG,Comedy,1984,"June 8, 1984 (United States)",7.3,204000.0,Joe Dante,Chris Columbus,Zach Galligan,United States,11000000.0,153633143.0,Warner Bros.,106.0
Romancing the Stone,PG,Action,1984,"March 30, 1984 (United States)",6.9,86000.0,Robert Zemeckis,Diane Thomas,Michael Douglas,Mexico,10000000.0,86572238.0,Twentieth Century Fox,106.0
Streets of Fire,PG,Action,1984,"June 1, 1984 (United States)",6.7,19000.0,Walter Hill,Walter Hill,Michael Paré,United States,14500000.0,8089290.0,Universal Pictures,93.0
Sixteen Candles,PG,Comedy,1984,"May 4, 1984 (United States)",7.0,108000.0,John Hughes,John Hughes,Molly Ringwald,United States,6500000.0,23686027.0,Universal Pictures,93.0
"Paris, Texas",R,Drama,1984,"August 23, 1984 (United Kingdom)",8.1,96000.0,Wim Wenders,L.M. Kit Carson,Harry Dean Stanton,West Germany,,2207548.0,Road Movies Filmproduktion,145.0
This Is Spinal Tap,R,Comedy,1984,"March 2, 1984 (United States)",7.9,132000.0,Rob Reiner,Christopher Guest,Rob Reiner,United States,2500000.0,4736202.0,Spinal Tap Prod.,82.0
1984,R,Drama,1984,"March 22, 1985 (United States)",7.1,68000.0,Michael Radford,Michael Radford,John Hurt,United Kingdom,,8430492.0,Virgin,113.0
Top Secret!,PG,Comedy,1984,"June 8, 1984 (United States)",7.2,62000.0,Jim Abrahams,Jim Abrahams,Val Kilmer,United Kingdom,9000000.0,20458340.0,Kingsmere Properties,90.0
Conan the Destroyer,PG,Action,1984,"June 29, 1984 (United States)",5.9,77000.0,Richard Fleischer,Robert E. Howard,Arnold Schwarzenegger,United States,18000000.0,31042035.0,Dino De Laurentiis Company,103.0
